id,affiliate_id,country_code,is_kyc_approved,created_at,updated_at
1,1.0,DE,True,2024-01-10 17:07:01+00:00,2024-02-08 09:05:26+00:00
3,2.0,BR,True,2024-02-13 05:40:50+00:00,2024-02-17 10:58:17+00:00
2,,BR,True,2024-02-09 19:19:27+00:00,2024-03-05 08:06:20+00:00
4,3.0,GB,True,2024-02-24 04:35:15+00:00,2024-03-05 19:19:09+00:00
5,4.0,AU,False,2024-03-27 16:28:29+00:00,2024-04-01 05:38:15+00:00
6,,FR,True,2024-04-05 02:33:27+00:00,2024-04-06 13:16:25+00:00
7,5.0,CA,True,2024-04-16 19:27:32+00:00,2024-04-18 08:29:18+00:00
8,6.0,BR,True,2024-09-05 07:53:23+00:00,2024-10-01 19:17:16+00:00
9,7.0,AU,False,2024-10-13 00:24:33+00:00,2024-10-24 07:28:43+00:00
10,8.0,CA,True,2024-10-14 23:45:05+00:00,2024-11-06 12:31:09+00:00
11,9.0,GB,True,2025-05-30 14:38:07+00:00,2025-06-23 14:38:07+00:00
12,11.0,AR,True,2024-12-11 21:35:40+00:00,2024-12-11 21:35:40+00:00
13,,IT,False,2025-06-06 07:38:02+00:00,2025-06-10 07:38:02+00:00
14,12.0,PL,True,2025-07-14 12:49:52+00:00,2025-08-12 12:49:52+00:00
15,15.0,IT,True,2024-11-12 05:52:17+00:00,2024-11-24 05:52:17+00:00
16,,ES,True,2025-03-18 04:38:16+00:00,2025-03-30 04:38:16+00:00
17,16.0,ES,True,2025-09-12 19:45:39+00:00,2025-10-12 19:45:39+00:00
18,18.0,DE,True,2025-06-09 10:15:03+00:00,2025-06-14 10:15:03+00:00
19,19.0,US,True,2025-02-03 04:37:12+00:00,2025-03-01 04:37:12+00:00
20,20.0,AR,True,2025-04-29 21:47:28+00:00,2025-05-05 21:47:28+00:00
21,,US,True,2025-01-15 19:48:58+00:00,2025-01-21 19:48:58+00:00
22,22.0,ES,True,2025-04-16 20:49:16+00:00,2025-04-30 20:49:16+00:00
23,23.0,BR,True,2025-08-20 19:20:23+00:00,2025-08-30 19:20:23+00:00
24,24.0,GB,True,2025-07-07 04:05:56+00:00,2025-07-11 04:05:56+00:00
25,25.0,FR,True,2025-08-07 05:51:30+00:00,2025-08-19 05:51:30+00:00
26,28.0,ES,True,2025-07-14 23:43:51+00:00,2025-07-27 23:43:51+00:00
27,30.0,AR,True,2025-09-08 18:56:23+00:00,2025-09-26 18:56:23+00:00
28,31.0,PT,True,2024-12-22 14:51:14+00:00,2025-01-12 14:51:14+00:00
29,32.0,DE,True,2024-09-20 21:07:27+00:00,2024-09-24 21:07:27+00:00
30,33.0,DE,True,2025-08-14 16:56:50+00:00,2025-09-08 16:56:50+00:00
31,39.0,ES,True,2025-06-12 17:00:48+00:00,2025-07-10 17:00:48+00:00
32,41.0,DE,True,2024-10-09 05:40:48+00:00,2024-11-01 05:40:48+00:00
33,43.0,US,True,2025-07-17 19:10:35+00:00,2025-07-31 19:10:35+00:00
34,,PL,True,2025-02-09 22:37:38+00:00,2025-02-18 22:37:38+00:00
35,45.0,GB,True,2025-04-04 04:52:26+00:00,2025-04-09 04:52:26+00:00
36,51.0,GB,True,2025-06-14 10:26:17+00:00,2025-07-07 10:26:17+00:00
37,52.0,GB,True,2025-05-24 17:33:31+00:00,2025-05-29 17:33:31+00:00
38,53.0,AR,True,2024-12-12 17:19:09+00:00,2025-01-11 17:19:09+00:00
39,54.0,BR,True,2025-06-27 20:08:43+00:00,2025-07-05 20:08:43+00:00
40,55.0,MX,True,2025-09-08 05:14:22+00:00,2025-09-10 05:14:22+00:00
41,,AR,False,2025-05-30 19:22:12+00:00,2025-06-28 19:22:12+00:00
42,59.0,DE,True,2025-02-27 03:11:49+00:00,2025-03-02 03:11:49+00:00
43,60.0,PL,True,2024-11-18 01:26:51+00:00,2024-12-12 01:26:51+00:00
44,61.0,PL,True,2025-01-20 03:04:33+00:00,2025-01-26 03:04:33+00:00
45,62.0,FR,True,2025-08-08 02:04:25+00:00,2025-08-28 02:04:25+00:00
46,64.0,AR,True,2025-04-12 13:09:35+00:00,2025-04-22 13:09:35+00:00
47,65.0,AR,True,2025-03-01 23:55:11+00:00,2025-03-02 23:55:11+00:00
48,67.0,BR,True,2024-10-06 18:27:28+00:00,2024-10-10 18:27:28+00:00
49,68.0,PL,True,2024-10-06 20:41:36+00:00,2024-10-20 20:41:36+00:00
50,69.0,US,True,2024-09-18 08:19:37+00:00,2024-10-10 08:19:37+00:00
51,70.0,DE,True,2025-08-22 16:33:55+00:00,2025-09-17 16:33:55+00:00
52,73.0,CA,True,2025-09-11 10:29:55+00:00,2025-09-14 10:29:55+00:00
53,74.0,CA,True,2025-02-12 16:57:38+00:00,2025-02-24 16:57:38+00:00
54,75.0,CA,True,2025-02-01 15:17:33+00:00,2025-02-22 15:17:33+00:00
55,79.0,PT,True,2024-11-17 09:06:40+00:00,2024-11-23 09:06:40+00:00
56,82.0,AR,True,2024-12-03 15:26:52+00:00,2024-12-09 15:26:52+00:00
57,83.0,DE,True,2024-11-10 23:56:50+00:00,2024-12-05 23:56:50+00:00
58,85.0,FR,True,2025-06-09 13:09:12+00:00,2025-07-07 13:09:12+00:00
59,86.0,US,True,2025-09-07 04:22:08+00:00,2025-09-08 04:22:08+00:00
60,87.0,IT,True,2024-12-11 23:51:09+00:00,2025-01-04 23:51:09+00:00
61,,ES,True,2025-08-03 10:53:28+00:00,2025-08-10 10:53:28+00:00
62,88.0,ES,True,2025-04-17 09:42:50+00:00,2025-04-17 09:42:50+00:00
63,,PL,True,2025-07-06 23:28:05+00:00,2025-07-08 23:28:05+00:00
64,,ES,True,2024-12-04 10:02:15+00:00,2024-12-30 10:02:15+00:00
65,90.0,MX,True,2025-08-10 19:24:04+00:00,2025-08-23 19:24:04+00:00
66,91.0,FR,True,2024-10-01 14:40:36+00:00,2024-10-18 14:40:36+00:00
67,92.0,MX,True,2025-05-01 21:07:59+00:00,2025-05-18 21:07:59+00:00
68,,GB,True,2025-05-22 02:40:09+00:00,2025-05-28 02:40:09+00:00
69,93.0,US,True,2024-12-13 00:39:54+00:00,2024-12-25 00:39:54+00:00
70,94.0,MX,True,2024-12-27 03:07:11+00:00,2025-01-10 03:07:11+00:00
71,95.0,ES,True,2024-11-24 21:30:23+00:00,2024-12-14 21:30:23+00:00
72,97.0,IT,True,2025-08-16 09:24:25+00:00,2025-08-22 09:24:25+00:00
73,100.0,GB,True,2025-03-28 03:38:28+00:00,2025-03-31 03:38:28+00:00
74,103.0,AR,True,2025-09-09 10:16:05+00:00,2025-10-06 10:16:05+00:00
75,104.0,IT,True,2025-01-28 17:02:56+00:00,2025-02-16 17:02:56+00:00
76,,PL,True,2025-02-23 18:43:30+00:00,2025-03-16 18:43:30+00:00
77,105.0,AR,True,2025-05-03 18:09:56+00:00,2025-05-27 18:09:56+00:00
78,107.0,AR,True,2025-03-28 02:17:57+00:00,2025-04-12 02:17:57+00:00
79,109.0,US,True,2025-05-17 23:32:51+00:00,2025-06-04 23:32:51+00:00
80,111.0,DE,True,2025-01-21 19:37:12+00:00,2025-01-28 19:37:12+00:00
81,113.0,FR,True,2025-01-17 07:19:26+00:00,2025-01-24 07:19:26+00:00
82,114.0,BR,True,2024-12-09 11:47:12+00:00,2024-12-18 11:47:12+00:00
83,,ES,True,2025-02-18 13:23:35+00:00,2025-03-09 13:23:35+00:00
84,115.0,US,True,2024-12-27 17:16:12+00:00,2025-01-05 17:16:12+00:00
85,117.0,ES,True,2025-03-06 13:32:58+00:00,2025-03-07 13:32:58+00:00
86,,ES,True,2025-07-13 14:30:21+00:00,2025-08-12 14:30:21+00:00
87,,DE,True,2024-10-21 01:03:34+00:00,2024-10-29 01:03:34+00:00
88,120.0,PL,True,2025-06-27 21:19:52+00:00,2025-07-13 21:19:52+00:00
89,121.0,GB,True,2024-11-16 13:03:48+00:00,2024-11-16 13:03:48+00:00
90,,ES,True,2025-03-07 02:39:30+00:00,2025-03-14 02:39:30+00:00
91,122.0,ES,True,2025-09-16 04:41:08+00:00,2025-10-07 04:41:08+00:00
92,,ES,True,2024-12-21 18:23:38+00:00,2024-12-28 18:23:38+00:00
93,,IT,True,2025-01-21 01:13:52+00:00,2025-01-26 01:13:52+00:00
94,123.0,DE,True,2024-11-19 20:21:32+00:00,2024-12-04 20:21:32+00:00
95,,US,True,2024-12-14 16:30:19+00:00,2024-12-18 16:30:19+00:00
96,125.0,ES,True,2025-04-11 01:39:23+00:00,2025-04-28 01:39:23+00:00
97,129.0,ES,True,2025-04-26 19:43:16+00:00,2025-05-19 19:43:16+00:00
98,130.0,DE,True,2025-06-20 09:45:32+00:00,2025-06-27 09:45:32+00:00
99,131.0,GB,True,2024-12-31 15:58:04+00:00,2025-01-09 15:58:04+00:00
100,132.0,IT,True,2024-11-14 14:46:17+00:00,2024-11-22 14:46:17+00:00
101,134.0,DE,True,2025-04-13 21:32:07+00:00,2025-04-25 21:32:07+00:00
102,135.0,GB,True,2024-12-28 03:24:04+00:00,2025-01-13 03:24:04+00:00
103,,IT,True,2025-08-10 13:39:20+00:00,2025-09-05 13:39:20+00:00
104,137.0,DE,True,2025-05-23 19:24:41+00:00,2025-06-19 19:24:41+00:00
105,,US,False,2025-09-13 22:43:41+00:00,2025-10-02 22:43:41+00:00
106,139.0,FR,True,2025-07-24 12:12:03+00:00,2025-08-01 12:12:03+00:00
107,140.0,GB,True,2025-03-10 22:54:51+00:00,2025-03-22 22:54:51+00:00
108,141.0,FR,True,2025-04-08 06:05:40+00:00,2025-04-12 06:05:40+00:00
109,142.0,AR,True,2025-03-02 20:26:43+00:00,2025-03-08 20:26:43+00:00
110,143.0,BR,True,2025-09-11 13:51:45+00:00,2025-10-04 13:51:45+00:00
111,144.0,PL,True,2025-08-30 16:09:36+00:00,2025-09-29 16:09:36+00:00
112,,GB,True,2024-11-07 07:28:56+00:00,2024-11-22 07:28:56+00:00
113,146.0,PT,True,2025-05-03 05:57:19+00:00,2025-05-16 05:57:19+00:00
114,,BR,True,2025-04-16 06:32:51+00:00,2025-05-15 06:32:51+00:00
115,147.0,IT,True,2025-06-04 12:22:53+00:00,2025-07-04 12:22:53+00:00
116,,PT,True,2025-06-17 07:46:37+00:00,2025-06-28 07:46:37+00:00
117,,FR,True,2024-10-18 00:43:25+00:00,2024-10-29 00:43:25+00:00
118,148.0,AR,True,2025-06-29 18:32:18+00:00,2025-07-12 18:32:18+00:00
119,151.0,AR,True,2025-05-21 14:43:09+00:00,2025-06-19 14:43:09+00:00
120,152.0,PL,True,2025-05-17 21:51:07+00:00,2025-06-08 21:51:07+00:00
121,154.0,MX,True,2024-11-24 12:01:00+00:00,2024-12-08 12:01:00+00:00
122,155.0,MX,True,2025-09-08 18:43:05+00:00,2025-09-26 18:43:05+00:00
123,,MX,True,2025-06-24 07:10:18+00:00,2025-07-18 07:10:18+00:00
124,157.0,US,True,2025-07-31 21:30:49+00:00,2025-08-12 21:30:49+00:00
125,158.0,AR,True,2024-11-10 15:28:26+00:00,2024-11-26 15:28:26+00:00
126,,ES,True,2025-06-21 05:28:50+00:00,2025-07-04 05:28:50+00:00
127,159.0,PT,True,2024-12-13 05:54:00+00:00,2024-12-30 05:54:00+00:00
128,,MX,True,2025-07-03 06:51:16+00:00,2025-07-26 06:51:16+00:00
129,,GB,False,2025-03-28 18:54:45+00:00,2025-04-24 18:54:45+00:00
130,162.0,US,True,2025-02-03 20:33:54+00:00,2025-02-28 20:33:54+00:00
131,,PL,True,2025-04-17 01:30:20+00:00,2025-04-23 01:30:20+00:00
132,163.0,AR,True,2025-07-19 07:07:23+00:00,2025-07-24 07:07:23+00:00
133,164.0,DE,True,2024-10-09 08:55:53+00:00,2024-10-31 08:55:53+00:00
134,165.0,GB,True,2025-04-19 18:41:09+00:00,2025-05-12 18:41:09+00:00
135,170.0,GB,True,2025-03-12 12:59:29+00:00,2025-04-03 12:59:29+00:00
136,172.0,CA,True,2025-01-21 16:39:37+00:00,2025-02-20 16:39:37+00:00
137,173.0,US,True,2025-01-12 08:03:46+00:00,2025-01-17 08:03:46+00:00
138,176.0,ES,True,2025-07-24 15:57:32+00:00,2025-08-17 15:57:32+00:00
139,179.0,ES,True,2025-05-31 04:40:44+00:00,2025-06-13 04:40:44+00:00
140,180.0,DE,True,2025-01-29 20:15:03+00:00,2025-02-25 20:15:03+00:00
141,183.0,MX,True,2025-04-20 06:50:59+00:00,2025-05-02 06:50:59+00:00
142,186.0,US,True,2025-03-28 20:24:52+00:00,2025-04-15 20:24:52+00:00
143,187.0,ES,True,2025-02-22 12:23:33+00:00,2025-02-25 12:23:33+00:00
144,188.0,BR,True,2025-08-06 01:21:12+00:00,2025-08-06 01:21:12+00:00
145,190.0,MX,True,2024-12-04 04:13:23+00:00,2024-12-07 04:13:23+00:00
146,191.0,ES,True,2025-07-05 00:54:42+00:00,2025-07-24 00:54:42+00:00
147,,FR,True,2025-09-13 02:03:47+00:00,2025-10-12 02:03:47+00:00
148,192.0,DE,True,2025-08-30 21:23:25+00:00,2025-09-12 21:23:25+00:00
149,193.0,PL,True,2025-05-24 01:23:54+00:00,2025-06-03 01:23:54+00:00
150,,ES,True,2025-07-21 19:21:03+00:00,2025-08-02 19:21:03+00:00
151,194.0,IT,True,2024-12-01 07:19:31+00:00,2024-12-11 07:19:31+00:00
152,195.0,US,True,2025-01-04 10:01:18+00:00,2025-01-16 10:01:18+00:00
153,,AR,False,2025-04-19 19:53:22+00:00,2025-04-19 19:53:22+00:00
154,196.0,IT,True,2024-12-04 20:37:21+00:00,2025-01-03 20:37:21+00:00
155,,AR,True,2024-10-16 19:44:42+00:00,2024-10-30 19:44:42+00:00
156,197.0,IT,True,2024-09-30 11:15:29+00:00,2024-10-16 11:15:29+00:00
157,199.0,GB,True,2024-09-23 02:49:53+00:00,2024-10-13 02:49:53+00:00
158,200.0,PL,True,2025-05-24 11:44:43+00:00,2025-05-25 11:44:43+00:00
159,201.0,AR,True,2024-12-18 08:38:32+00:00,2025-01-06 08:38:32+00:00
160,204.0,DE,True,2024-12-16 03:03:32+00:00,2024-12-18 03:03:32+00:00
161,205.0,PL,True,2025-03-25 15:06:00+00:00,2025-04-23 15:06:00+00:00
162,,DE,False,2025-02-21 04:57:29+00:00,2025-03-21 04:57:29+00:00
163,,US,True,2025-06-11 22:33:47+00:00,2025-06-17 22:33:47+00:00
164,206.0,AR,True,2024-10-12 17:05:03+00:00,2024-10-30 17:05:03+00:00
165,212.0,AR,True,2025-02-09 11:57:55+00:00,2025-03-06 11:57:55+00:00
166,214.0,US,True,2025-01-14 10:49:05+00:00,2025-01-31 10:49:05+00:00
167,215.0,DE,True,2025-03-15 10:00:34+00:00,2025-03-18 10:00:34+00:00
168,216.0,DE,True,2024-11-05 00:16:02+00:00,2024-11-11 00:16:02+00:00
169,,CA,True,2024-12-03 22:18:15+00:00,2024-12-05 22:18:15+00:00
170,219.0,US,True,2025-07-09 04:33:15+00:00,2025-07-14 04:33:15+00:00
171,,PL,True,2025-01-27 23:29:41+00:00,2025-02-03 23:29:41+00:00
172,220.0,AR,True,2025-06-10 00:40:36+00:00,2025-07-08 00:40:36+00:00
173,221.0,MX,True,2025-01-06 18:43:16+00:00,2025-01-23 18:43:16+00:00
174,,MX,True,2025-04-25 04:39:30+00:00,2025-05-17 04:39:30+00:00
175,,PL,False,2025-01-21 07:25:42+00:00,2025-02-14 07:25:42+00:00
176,222.0,IT,True,2025-08-28 17:40:51+00:00,2025-09-26 17:40:51+00:00
177,,AR,True,2024-12-13 19:04:47+00:00,2025-01-02 19:04:47+00:00
178,,MX,False,2025-01-30 07:03:55+00:00,2025-02-12 07:03:55+00:00
179,223.0,ES,True,2025-08-01 02:15:31+00:00,2025-08-03 02:15:31+00:00
180,224.0,US,True,2025-05-17 18:08:19+00:00,2025-06-15 18:08:19+00:00
181,,ES,True,2024-11-27 14:18:20+00:00,2024-12-08 14:18:20+00:00
182,,CA,False,2025-02-20 10:22:57+00:00,2025-03-10 10:22:57+00:00
183,225.0,AR,True,2025-03-07 18:38:15+00:00,2025-03-24 18:38:15+00:00
184,,ES,False,2025-01-17 00:19:48+00:00,2025-01-27 00:19:48+00:00
185,,PL,False,2024-12-02 03:32:11+00:00,2024-12-06 03:32:11+00:00
186,226.0,FR,True,2025-04-30 08:46:02+00:00,2025-05-03 08:46:02+00:00
187,228.0,GB,True,2024-12-03 23:46:04+00:00,2024-12-13 23:46:04+00:00
188,,CA,True,2025-03-14 07:23:51+00:00,2025-03-21 07:23:51+00:00
189,229.0,DE,True,2025-04-19 09:38:24+00:00,2025-04-28 09:38:24+00:00
190,,CA,True,2025-02-14 00:48:52+00:00,2025-03-12 00:48:52+00:00
191,230.0,AR,True,2024-11-11 11:12:16+00:00,2024-11-27 11:12:16+00:00
192,232.0,AR,True,2024-10-26 15:14:02+00:00,2024-11-17 15:14:02+00:00
193,234.0,IT,True,2024-11-13 10:31:25+00:00,2024-11-28 10:31:25+00:00
194,,PT,True,2025-09-11 12:05:49+00:00,2025-10-06 12:05:49+00:00
195,236.0,PL,True,2025-08-07 09:54:19+00:00,2025-09-03 09:54:19+00:00
196,,AR,True,2024-11-13 14:32:31+00:00,2024-12-06 14:32:31+00:00
197,,BR,True,2024-09-22 04:17:58+00:00,2024-10-19 04:17:58+00:00
198,,DE,True,2025-08-17 13:40:46+00:00,2025-09-12 13:40:46+00:00
199,,MX,True,2025-02-24 21:40:00+00:00,2025-02-24 21:40:00+00:00
200,239.0,FR,True,2025-05-14 20:41:54+00:00,2025-05-29 20:41:54+00:00
201,,PL,True,2025-04-09 02:24:10+00:00,2025-04-25 02:24:10+00:00
202,240.0,AR,True,2025-04-17 00:30:07+00:00,2025-04-23 00:30:07+00:00
203,,AR,True,2025-08-06 08:05:00+00:00,2025-08-10 08:05:00+00:00
204,,PL,True,2025-09-16 12:22:39+00:00,2025-10-11 12:22:39+00:00
205,,BR,True,2025-05-06 02:41:07+00:00,2025-05-20 02:41:07+00:00
206,243.0,MX,True,2025-03-19 18:55:41+00:00,2025-04-10 18:55:41+00:00
207,247.0,DE,True,2024-12-07 04:52:01+00:00,2024-12-13 04:52:01+00:00
208,248.0,AR,True,2025-02-06 06:10:07+00:00,2025-02-17 06:10:07+00:00
209,,AR,True,2025-05-12 12:00:41+00:00,2025-06-06 12:00:41+00:00
210,249.0,CA,True,2025-04-11 07:42:11+00:00,2025-05-02 07:42:11+00:00
211,,CA,True,2024-11-15 18:49:16+00:00,2024-11-30 18:49:16+00:00
212,,CA,True,2025-07-14 03:31:40+00:00,2025-07-30 03:31:40+00:00
213,250.0,MX,True,2024-10-15 19:55:54+00:00,2024-10-19 19:55:54+00:00
214,,MX,True,2025-03-16 15:15:06+00:00,2025-03-19 15:15:06+00:00
215,251.0,ES,True,2025-06-04 19:37:32+00:00,2025-06-23 19:37:32+00:00
216,254.0,CA,True,2025-01-20 17:32:21+00:00,2025-02-11 17:32:21+00:00
217,256.0,MX,True,2025-01-29 11:01:04+00:00,2025-02-25 11:01:04+00:00
218,258.0,MX,True,2025-07-03 17:04:48+00:00,2025-07-17 17:04:48+00:00
219,259.0,PL,True,2025-08-11 13:29:40+00:00,2025-08-14 13:29:40+00:00
220,264.0,DE,True,2025-05-03 21:55:29+00:00,2025-05-10 21:55:29+00:00
221,266.0,BR,True,2025-05-12 04:12:29+00:00,2025-05-27 04:12:29+00:00
222,267.0,PT,True,2025-06-18 06:42:40+00:00,2025-07-06 06:42:40+00:00
223,268.0,CA,True,2025-03-04 00:46:34+00:00,2025-03-26 00:46:34+00:00
224,270.0,GB,True,2025-08-20 12:35:11+00:00,2025-08-30 12:35:11+00:00
225,,US,False,2024-11-10 09:51:13+00:00,2024-11-27 09:51:13+00:00
226,272.0,CA,True,2025-03-15 16:18:32+00:00,2025-03-27 16:18:32+00:00
227,,FR,True,2024-12-14 14:55:29+00:00,2024-12-30 14:55:29+00:00
228,276.0,DE,True,2025-07-06 07:18:16+00:00,2025-07-23 07:18:16+00:00
229,,AR,True,2024-10-05 02:28:30+00:00,2024-10-29 02:28:30+00:00
230,,ES,False,2025-01-24 11:22:27+00:00,2025-01-29 11:22:27+00:00
231,277.0,IT,True,2025-04-07 00:50:26+00:00,2025-04-21 00:50:26+00:00
232,278.0,PL,True,2025-06-22 11:53:17+00:00,2025-06-28 11:53:17+00:00
233,279.0,MX,True,2025-09-04 17:55:04+00:00,2025-10-01 17:55:04+00:00
234,281.0,BR,True,2025-02-19 21:12:57+00:00,2025-02-28 21:12:57+00:00
235,,PL,True,2025-04-09 20:42:35+00:00,2025-05-09 20:42:35+00:00
236,282.0,MX,True,2024-12-25 10:22:24+00:00,2025-01-24 10:22:24+00:00
237,,FR,True,2025-02-25 21:18:48+00:00,2025-03-14 21:18:48+00:00
238,283.0,DE,True,2025-08-06 04:48:15+00:00,2025-08-16 04:48:15+00:00
239,,FR,False,2025-02-28 18:34:40+00:00,2025-03-19 18:34:40+00:00
240,284.0,FR,True,2025-06-17 12:14:04+00:00,2025-07-08 12:14:04+00:00
241,286.0,BR,True,2024-12-06 01:43:39+00:00,2024-12-15 01:43:39+00:00
242,,ES,True,2025-05-19 16:59:52+00:00,2025-05-25 16:59:52+00:00
243,288.0,IT,True,2024-12-11 01:21:18+00:00,2024-12-30 01:21:18+00:00
244,291.0,GB,True,2025-02-06 15:36:41+00:00,2025-02-18 15:36:41+00:00
245,,MX,True,2024-11-27 18:41:35+00:00,2024-11-29 18:41:35+00:00
246,295.0,PT,True,2025-02-12 11:57:00+00:00,2025-02-16 11:57:00+00:00
247,296.0,FR,True,2025-02-03 05:04:12+00:00,2025-02-11 05:04:12+00:00
248,297.0,MX,True,2025-04-30 14:34:05+00:00,2025-05-11 14:34:05+00:00
249,298.0,IT,True,2025-09-03 05:42:18+00:00,2025-09-22 05:42:18+00:00
250,300.0,CA,True,2025-04-22 10:57:58+00:00,2025-05-17 10:57:58+00:00
251,301.0,GB,True,2025-02-17 15:46:56+00:00,2025-02-24 15:46:56+00:00
252,304.0,US,True,2025-01-16 03:50:03+00:00,2025-02-06 03:50:03+00:00
253,305.0,FR,True,2025-06-10 05:31:19+00:00,2025-06-12 05:31:19+00:00
254,,PL,True,2025-06-11 00:00:34+00:00,2025-06-15 00:00:34+00:00
255,306.0,ES,True,2025-01-13 05:12:00+00:00,2025-01-20 05:12:00+00:00
256,,GB,True,2025-07-05 16:12:13+00:00,2025-07-08 16:12:13+00:00
257,311.0,CA,True,2024-12-24 18:36:56+00:00,2025-01-11 18:36:56+00:00
258,312.0,DE,True,2025-05-30 19:56:38+00:00,2025-06-17 19:56:38+00:00
259,314.0,PT,True,2025-05-04 02:32:05+00:00,2025-06-01 02:32:05+00:00
260,315.0,BR,True,2025-07-23 10:32:25+00:00,2025-08-04 10:32:25+00:00
261,316.0,CA,True,2025-02-18 12:33:35+00:00,2025-03-20 12:33:35+00:00
262,317.0,FR,True,2025-03-03 10:18:27+00:00,2025-03-15 10:18:27+00:00
263,319.0,DE,True,2024-10-07 15:15:37+00:00,2024-10-28 15:15:37+00:00
264,,FR,True,2024-11-05 11:55:14+00:00,2024-11-09 11:55:14+00:00
265,320.0,GB,True,2025-05-22 21:58:00+00:00,2025-06-20 21:58:00+00:00
266,322.0,AR,True,2024-11-08 02:11:01+00:00,2024-12-02 02:11:01+00:00
267,323.0,ES,True,2024-10-17 21:40:16+00:00,2024-10-31 21:40:16+00:00
268,324.0,CA,True,2025-08-09 22:31:39+00:00,2025-08-23 22:31:39+00:00
269,325.0,FR,True,2025-01-13 19:46:41+00:00,2025-01-29 19:46:41+00:00
270,,AR,True,2025-07-24 02:46:43+00:00,2025-08-02 02:46:43+00:00
271,,MX,False,2024-11-16 05:50:47+00:00,2024-11-29 05:50:47+00:00
272,,PL,True,2025-05-23 04:07:29+00:00,2025-05-25 04:07:29+00:00
273,329.0,AR,True,2025-08-11 09:05:35+00:00,2025-08-29 09:05:35+00:00
274,331.0,BR,True,2025-05-06 23:43:47+00:00,2025-06-04 23:43:47+00:00
275,,DE,True,2025-05-20 17:37:05+00:00,2025-06-19 17:37:05+00:00
276,335.0,GB,True,2025-06-26 13:04:16+00:00,2025-06-30 13:04:16+00:00
277,336.0,DE,True,2025-02-11 01:44:02+00:00,2025-03-04 01:44:02+00:00
278,339.0,FR,True,2025-05-04 10:29:06+00:00,2025-05-23 10:29:06+00:00
279,,ES,True,2025-06-15 16:12:31+00:00,2025-07-07 16:12:31+00:00
280,,GB,True,2025-08-15 01:26:10+00:00,2025-08-22 01:26:10+00:00
281,341.0,AR,True,2025-09-04 01:59:18+00:00,2025-10-02 01:59:18+00:00
282,342.0,FR,True,2025-04-20 14:56:00+00:00,2025-05-04 14:56:00+00:00
283,344.0,CA,True,2025-07-21 19:53:52+00:00,2025-08-06 19:53:52+00:00
284,348.0,ES,True,2025-02-16 22:22:59+00:00,2025-02-20 22:22:59+00:00
285,349.0,FR,True,2025-07-14 06:28:33+00:00,2025-07-29 06:28:33+00:00
286,353.0,GB,True,2024-10-02 05:41:42+00:00,2024-10-12 05:41:42+00:00
287,354.0,MX,True,2025-04-09 07:46:59+00:00,2025-05-03 07:46:59+00:00
288,357.0,US,True,2025-01-16 12:34:29+00:00,2025-01-24 12:34:29+00:00
289,359.0,ES,True,2025-01-28 02:31:09+00:00,2025-02-09 02:31:09+00:00
290,,ES,False,2025-08-27 07:47:56+00:00,2025-09-26 07:47:56+00:00
291,361.0,MX,True,2025-06-24 07:18:15+00:00,2025-07-23 07:18:15+00:00
292,,DE,True,2025-02-03 16:32:37+00:00,2025-02-04 16:32:37+00:00
293,362.0,PL,True,2025-09-04 05:05:16+00:00,2025-09-13 05:05:16+00:00
294,366.0,PL,True,2024-10-17 17:28:52+00:00,2024-11-09 17:28:52+00:00
295,367.0,CA,True,2025-01-17 03:48:29+00:00,2025-01-30 03:48:29+00:00
296,370.0,DE,True,2025-05-18 08:08:54+00:00,2025-06-15 08:08:54+00:00
297,372.0,CA,True,2024-10-07 09:08:01+00:00,2024-10-07 09:08:01+00:00
298,,CA,True,2025-06-17 12:53:28+00:00,2025-07-02 12:53:28+00:00
299,373.0,GB,True,2025-04-15 22:40:00+00:00,2025-05-13 22:40:00+00:00
300,374.0,CA,True,2024-12-06 05:37:53+00:00,2024-12-20 05:37:53+00:00
301,,MX,True,2025-03-27 19:57:41+00:00,2025-04-07 19:57:41+00:00
302,375.0,AR,True,2024-10-21 13:55:46+00:00,2024-11-17 13:55:46+00:00
303,376.0,AR,True,2025-08-08 12:24:48+00:00,2025-08-09 12:24:48+00:00
304,377.0,CA,True,2024-11-13 09:12:49+00:00,2024-12-11 09:12:49+00:00
305,378.0,BR,True,2025-02-05 15:16:02+00:00,2025-02-20 15:16:02+00:00
306,,MX,True,2025-05-20 06:18:55+00:00,2025-06-04 06:18:55+00:00
307,379.0,FR,True,2025-05-26 01:18:29+00:00,2025-05-30 01:18:29+00:00
308,,PL,True,2025-06-15 22:37:05+00:00,2025-06-27 22:37:05+00:00
309,,FR,True,2025-02-07 08:06:09+00:00,2025-03-05 08:06:09+00:00
310,380.0,GB,True,2025-05-28 16:59:15+00:00,2025-06-22 16:59:15+00:00
311,381.0,BR,True,2025-06-20 22:53:38+00:00,2025-06-20 22:53:38+00:00
312,382.0,MX,True,2025-04-23 23:18:50+00:00,2025-05-03 23:18:50+00:00
313,,GB,True,2024-09-22 14:04:45+00:00,2024-10-05 14:04:45+00:00
314,383.0,DE,True,2025-08-24 05:52:00+00:00,2025-09-17 05:52:00+00:00
315,384.0,GB,True,2025-04-30 19:30:05+00:00,2025-05-16 19:30:05+00:00
316,385.0,CA,True,2025-02-07 18:03:37+00:00,2025-03-06 18:03:37+00:00
317,,PT,True,2024-10-26 17:02:54+00:00,2024-11-21 17:02:54+00:00
318,386.0,GB,True,2025-06-23 04:10:55+00:00,2025-07-18 04:10:55+00:00
319,,US,True,2025-08-27 10:36:34+00:00,2025-09-01 10:36:34+00:00
320,,ES,True,2025-01-13 04:55:28+00:00,2025-02-02 04:55:28+00:00
321,387.0,CA,True,2025-09-07 18:53:06+00:00,2025-09-08 18:53:06+00:00
322,,PT,False,2025-09-03 22:14:51+00:00,2025-09-16 22:14:51+00:00
323,388.0,BR,True,2025-08-21 01:31:48+00:00,2025-08-22 01:31:48+00:00
324,390.0,GB,True,2025-03-01 11:59:01+00:00,2025-03-21 11:59:01+00:00
325,395.0,ES,True,2024-10-13 11:59:35+00:00,2024-10-14 11:59:35+00:00
326,397.0,FR,True,2025-03-13 02:30:39+00:00,2025-03-16 02:30:39+00:00
327,400.0,PT,True,2025-02-13 20:10:07+00:00,2025-03-07 20:10:07+00:00
328,402.0,GB,True,2025-08-23 18:13:08+00:00,2025-08-28 18:13:08+00:00
329,403.0,BR,True,2024-09-30 17:00:53+00:00,2024-10-10 17:00:53+00:00
330,404.0,ES,True,2024-09-23 03:13:38+00:00,2024-10-12 03:13:38+00:00
331,405.0,US,True,2025-03-26 22:13:21+00:00,2025-04-10 22:13:21+00:00
332,406.0,PL,True,2025-05-31 11:19:48+00:00,2025-06-21 11:19:48+00:00
333,407.0,BR,True,2025-07-17 04:30:33+00:00,2025-07-21 04:30:33+00:00
334,408.0,PL,True,2025-03-02 22:26:22+00:00,2025-03-25 22:26:22+00:00
335,411.0,IT,True,2025-06-30 10:15:57+00:00,2025-07-20 10:15:57+00:00
336,412.0,PT,True,2024-10-19 04:46:10+00:00,2024-11-16 04:46:10+00:00
337,413.0,US,True,2025-03-14 05:23:15+00:00,2025-03-17 05:23:15+00:00
338,414.0,BR,True,2025-06-29 22:03:56+00:00,2025-07-19 22:03:56+00:00
339,416.0,ES,True,2025-06-01 17:43:52+00:00,2025-06-04 17:43:52+00:00
340,,US,True,2025-02-15 21:59:28+00:00,2025-02-24 21:59:28+00:00
341,417.0,AR,True,2025-08-30 22:12:30+00:00,2025-09-16 22:12:30+00:00
342,419.0,AR,True,2025-06-01 07:30:50+00:00,2025-06-14 07:30:50+00:00
343,,FR,False,2025-03-13 00:56:41+00:00,2025-04-06 00:56:41+00:00
344,,FR,False,2025-01-23 15:44:22+00:00,2025-02-06 15:44:22+00:00
345,,MX,False,2024-11-10 06:07:18+00:00,2024-11-12 06:07:18+00:00
346,421.0,DE,True,2025-04-05 15:01:32+00:00,2025-04-21 15:01:32+00:00
347,422.0,BR,True,2025-04-02 20:55:37+00:00,2025-05-02 20:55:37+00:00
348,423.0,CA,True,2024-11-06 07:11:00+00:00,2024-11-07 07:11:00+00:00
349,426.0,AR,True,2024-11-26 13:47:11+00:00,2024-12-11 13:47:11+00:00
350,428.0,MX,True,2024-10-13 00:28:55+00:00,2024-10-15 00:28:55+00:00
351,430.0,CA,True,2024-09-25 05:45:00+00:00,2024-10-12 05:45:00+00:00
352,431.0,GB,True,2025-04-30 15:47:16+00:00,2025-05-05 15:47:16+00:00
353,432.0,BR,True,2025-08-10 07:33:54+00:00,2025-09-01 07:33:54+00:00
354,,BR,True,2024-11-27 00:45:15+00:00,2024-12-11 00:45:15+00:00
355,,FR,True,2024-12-26 14:29:59+00:00,2025-01-04 14:29:59+00:00
356,434.0,ES,True,2024-12-27 08:06:21+00:00,2024-12-30 08:06:21+00:00
357,436.0,CA,True,2025-07-01 07:13:02+00:00,2025-07-10 07:13:02+00:00
358,437.0,BR,True,2024-10-17 09:00:09+00:00,2024-10-25 09:00:09+00:00
359,438.0,CA,True,2024-11-28 17:41:23+00:00,2024-12-18 17:41:23+00:00
360,,ES,True,2025-07-14 04:30:25+00:00,2025-07-17 04:30:25+00:00
361,439.0,BR,True,2025-02-14 14:45:27+00:00,2025-02-25 14:45:27+00:00
362,441.0,PL,True,2024-12-15 01:45:38+00:00,2025-01-01 01:45:38+00:00
363,,PT,True,2025-01-01 17:31:46+00:00,2025-01-20 17:31:46+00:00
364,443.0,PT,True,2025-03-19 00:55:24+00:00,2025-04-14 00:55:24+00:00
365,,BR,True,2024-12-30 01:30:50+00:00,2025-01-29 01:30:50+00:00
366,444.0,PT,True,2024-12-09 06:15:15+00:00,2024-12-26 06:15:15+00:00
367,,MX,True,2025-02-09 04:24:25+00:00,2025-03-05 04:24:25+00:00
368,445.0,IT,True,2025-08-09 02:19:38+00:00,2025-08-21 02:19:38+00:00
369,446.0,MX,True,2025-02-11 12:34:36+00:00,2025-03-02 12:34:36+00:00
370,448.0,FR,True,2024-11-21 04:43:59+00:00,2024-12-01 04:43:59+00:00
371,449.0,PT,True,2025-06-18 15:46:50+00:00,2025-07-15 15:46:50+00:00
372,450.0,GB,True,2025-09-08 13:53:56+00:00,2025-10-01 13:53:56+00:00
373,451.0,GB,True,2025-04-26 00:46:28+00:00,2025-04-28 00:46:28+00:00
374,452.0,DE,True,2024-10-09 03:49:10+00:00,2024-11-05 03:49:10+00:00
375,453.0,CA,True,2025-08-15 20:36:23+00:00,2025-09-07 20:36:23+00:00
376,454.0,CA,True,2025-05-11 04:18:58+00:00,2025-05-16 04:18:58+00:00
377,,CA,True,2025-08-23 16:56:37+00:00,2025-08-29 16:56:37+00:00
378,456.0,US,True,2025-04-11 22:33:34+00:00,2025-04-25 22:33:34+00:00
379,,MX,True,2025-08-16 08:34:13+00:00,2025-09-01 08:34:13+00:00
380,,CA,True,2025-04-15 05:57:53+00:00,2025-05-04 05:57:53+00:00
381,458.0,US,True,2025-06-02 22:40:54+00:00,2025-06-28 22:40:54+00:00
382,,BR,True,2025-05-29 13:11:15+00:00,2025-05-30 13:11:15+00:00
383,459.0,CA,True,2024-09-25 13:55:16+00:00,2024-09-29 13:55:16+00:00
384,460.0,MX,True,2025-01-27 09:30:15+00:00,2025-01-27 09:30:15+00:00
385,461.0,US,True,2025-05-14 08:30:02+00:00,2025-06-10 08:30:02+00:00
386,463.0,AR,True,2025-05-26 16:54:01+00:00,2025-06-19 16:54:01+00:00
387,,IT,True,2025-08-02 08:13:03+00:00,2025-08-11 08:13:03+00:00
388,464.0,PL,True,2025-07-09 00:36:54+00:00,2025-07-26 00:36:54+00:00
389,465.0,AR,True,2025-08-07 02:06:01+00:00,2025-08-07 02:06:01+00:00
390,466.0,BR,True,2025-04-20 03:34:25+00:00,2025-05-06 03:34:25+00:00
391,467.0,GB,True,2024-12-19 20:34:42+00:00,2024-12-19 20:34:42+00:00
392,470.0,ES,True,2024-10-31 02:10:41+00:00,2024-11-20 02:10:41+00:00
393,471.0,PT,True,2025-02-19 02:42:55+00:00,2025-03-03 02:42:55+00:00
394,,MX,True,2024-10-19 19:32:15+00:00,2024-10-22 19:32:15+00:00
395,472.0,DE,True,2025-07-15 08:41:06+00:00,2025-07-18 08:41:06+00:00
396,473.0,PT,True,2025-05-02 15:16:51+00:00,2025-05-05 15:16:51+00:00
397,,PL,False,2025-01-12 10:09:40+00:00,2025-02-09 10:09:40+00:00
398,477.0,BR,True,2025-05-26 19:41:56+00:00,2025-06-11 19:41:56+00:00
399,478.0,PL,True,2024-11-08 07:52:13+00:00,2024-11-12 07:52:13+00:00
400,480.0,MX,True,2025-05-28 07:26:15+00:00,2025-06-06 07:26:15+00:00
401,,PL,True,2025-01-04 04:41:46+00:00,2025-01-19 04:41:46+00:00
402,481.0,MX,True,2025-04-04 20:41:09+00:00,2025-05-03 20:41:09+00:00
403,,AR,True,2025-02-08 23:25:30+00:00,2025-03-07 23:25:30+00:00
404,,CA,True,2025-06-15 20:02:12+00:00,2025-06-19 20:02:12+00:00
405,484.0,GB,True,2025-03-06 23:24:07+00:00,2025-03-21 23:24:07+00:00
406,486.0,US,True,2025-06-01 00:11:29+00:00,2025-06-24 00:11:29+00:00
407,488.0,PT,True,2025-07-07 21:10:10+00:00,2025-07-11 21:10:10+00:00
408,,CA,True,2025-08-24 20:17:44+00:00,2025-09-08 20:17:44+00:00
409,492.0,GB,True,2025-06-15 19:54:30+00:00,2025-07-04 19:54:30+00:00
410,495.0,MX,True,2025-04-03 07:45:56+00:00,2025-04-23 07:45:56+00:00
411,498.0,ES,True,2024-10-21 02:47:10+00:00,2024-11-07 02:47:10+00:00
412,499.0,FR,True,2025-08-05 23:08:21+00:00,2025-08-12 23:08:21+00:00
413,500.0,GB,True,2025-01-01 07:16:25+00:00,2025-01-17 07:16:25+00:00
414,,IT,True,2025-07-10 20:20:40+00:00,2025-07-17 20:20:40+00:00
415,504.0,AR,True,2024-09-22 23:04:01+00:00,2024-09-28 23:04:01+00:00
416,507.0,BR,True,2025-03-11 03:03:28+00:00,2025-03-15 03:03:28+00:00
417,509.0,US,True,2024-10-17 15:46:13+00:00,2024-11-13 15:46:13+00:00
418,510.0,CA,True,2024-12-29 01:16:31+00:00,2025-01-25 01:16:31+00:00
419,,FR,False,2025-08-24 12:03:23+00:00,2025-08-31 12:03:23+00:00
420,,ES,True,2025-05-27 15:29:18+00:00,2025-05-31 15:29:18+00:00
421,,US,True,2025-03-03 04:11:16+00:00,2025-03-15 04:11:16+00:00
422,511.0,AR,True,2025-05-26 16:29:37+00:00,2025-06-06 16:29:37+00:00
423,,BR,True,2025-01-17 05:26:02+00:00,2025-01-19 05:26:02+00:00
424,,DE,False,2024-09-23 07:17:10+00:00,2024-09-23 07:17:10+00:00
425,512.0,CA,True,2024-11-13 14:13:37+00:00,2024-11-15 14:13:37+00:00
426,513.0,BR,True,2025-08-15 16:46:35+00:00,2025-08-19 16:46:35+00:00
427,515.0,CA,True,2025-05-09 10:13:25+00:00,2025-05-25 10:13:25+00:00
428,,AR,True,2024-10-02 11:58:24+00:00,2024-10-25 11:58:24+00:00
429,516.0,PL,True,2025-06-30 20:08:40+00:00,2025-06-30 20:08:40+00:00
430,517.0,PT,True,2025-06-22 20:38:32+00:00,2025-07-12 20:38:32+00:00
431,518.0,BR,True,2025-01-21 11:51:11+00:00,2025-01-26 11:51:11+00:00
432,521.0,BR,True,2025-05-13 12:41:06+00:00,2025-06-12 12:41:06+00:00
433,522.0,DE,True,2025-08-26 03:54:40+00:00,2025-09-24 03:54:40+00:00
434,524.0,IT,True,2024-12-23 14:22:31+00:00,2025-01-05 14:22:31+00:00
435,525.0,CA,True,2025-06-27 06:42:17+00:00,2025-07-09 06:42:17+00:00
436,,CA,True,2024-10-22 07:55:25+00:00,2024-10-23 07:55:25+00:00
437,526.0,ES,True,2024-09-21 11:19:08+00:00,2024-10-08 11:19:08+00:00
438,,IT,True,2024-11-17 17:56:27+00:00,2024-12-01 17:56:27+00:00
439,528.0,DE,True,2024-10-12 09:35:35+00:00,2024-11-07 09:35:35+00:00
440,530.0,GB,True,2025-09-02 18:53:31+00:00,2025-09-22 18:53:31+00:00
441,531.0,GB,True,2024-12-04 00:50:39+00:00,2024-12-06 00:50:39+00:00
442,532.0,PL,True,2025-03-23 14:29:29+00:00,2025-03-23 14:29:29+00:00
443,534.0,ES,True,2025-03-09 16:41:24+00:00,2025-03-11 16:41:24+00:00
444,535.0,ES,True,2024-09-22 06:00:52+00:00,2024-10-01 06:00:52+00:00
445,537.0,ES,True,2025-02-16 20:12:09+00:00,2025-02-17 20:12:09+00:00
446,539.0,ES,True,2024-10-20 10:20:52+00:00,2024-11-07 10:20:52+00:00
447,540.0,BR,True,2025-02-25 19:05:16+00:00,2025-02-26 19:05:16+00:00
448,543.0,BR,True,2024-12-11 12:20:15+00:00,2024-12-11 12:20:15+00:00
449,,PL,False,2025-02-10 14:18:04+00:00,2025-02-26 14:18:04+00:00
450,544.0,ES,True,2025-06-20 07:57:29+00:00,2025-07-01 07:57:29+00:00
451,,CA,True,2025-01-11 17:07:53+00:00,2025-01-24 17:07:53+00:00
452,546.0,AR,True,2025-05-21 09:46:40+00:00,2025-06-14 09:46:40+00:00
453,549.0,CA,True,2025-09-14 17:57:44+00:00,2025-09-29 17:57:44+00:00
454,,IT,True,2025-06-16 11:34:15+00:00,2025-06-21 11:34:15+00:00
455,550.0,CA,True,2025-03-05 13:22:43+00:00,2025-03-25 13:22:43+00:00
456,,US,True,2025-04-12 15:55:00+00:00,2025-04-18 15:55:00+00:00
457,551.0,MX,True,2025-08-10 04:39:46+00:00,2025-08-15 04:39:46+00:00
458,553.0,FR,True,2025-08-31 11:31:22+00:00,2025-09-20 11:31:22+00:00
459,,FR,True,2024-12-28 12:19:36+00:00,2025-01-22 12:19:36+00:00
460,555.0,CA,True,2025-01-10 22:09:58+00:00,2025-02-06 22:09:58+00:00
461,556.0,GB,True,2025-08-05 05:45:45+00:00,2025-08-26 05:45:45+00:00
462,557.0,GB,True,2024-12-31 19:17:02+00:00,2025-01-19 19:17:02+00:00
463,,US,True,2024-09-21 23:16:21+00:00,2024-10-06 23:16:21+00:00
464,,US,True,2024-10-11 09:03:41+00:00,2024-11-07 09:03:41+00:00
465,558.0,PT,True,2024-10-15 22:29:12+00:00,2024-11-09 22:29:12+00:00
466,561.0,US,True,2025-07-10 06:33:42+00:00,2025-07-15 06:33:42+00:00
467,562.0,PT,True,2025-08-21 21:08:10+00:00,2025-09-01 21:08:10+00:00
468,564.0,PL,True,2025-03-06 02:13:36+00:00,2025-03-30 02:13:36+00:00
469,565.0,DE,True,2025-08-04 04:48:27+00:00,2025-08-12 04:48:27+00:00
470,567.0,DE,True,2024-11-24 23:20:16+00:00,2024-11-27 23:20:16+00:00
471,569.0,IT,True,2025-02-25 03:16:30+00:00,2025-03-06 03:16:30+00:00
472,570.0,GB,True,2025-02-09 10:37:18+00:00,2025-03-02 10:37:18+00:00
473,574.0,CA,True,2025-09-10 23:24:54+00:00,2025-09-29 23:24:54+00:00
474,576.0,PL,True,2025-05-11 13:49:04+00:00,2025-05-27 13:49:04+00:00
475,577.0,DE,True,2025-08-07 11:33:01+00:00,2025-08-28 11:33:01+00:00
476,578.0,BR,True,2024-12-29 18:13:36+00:00,2025-01-21 18:13:36+00:00
477,579.0,ES,True,2024-11-15 23:33:54+00:00,2024-11-19 23:33:54+00:00
478,580.0,US,True,2024-12-02 13:03:39+00:00,2024-12-14 13:03:39+00:00
479,581.0,US,True,2024-10-13 17:52:31+00:00,2024-11-03 17:52:31+00:00
480,584.0,US,True,2025-08-30 19:14:53+00:00,2025-09-16 19:14:53+00:00
481,585.0,DE,True,2025-07-29 00:51:56+00:00,2025-08-01 00:51:56+00:00
482,,GB,True,2025-05-28 20:29:14+00:00,2025-06-07 20:29:14+00:00
483,589.0,US,True,2025-07-31 21:38:17+00:00,2025-08-15 21:38:17+00:00
484,,ES,True,2025-08-04 00:57:28+00:00,2025-08-12 00:57:28+00:00
485,590.0,DE,True,2025-01-01 19:14:28+00:00,2025-01-16 19:14:28+00:00
486,593.0,CA,True,2025-09-10 06:44:09+00:00,2025-09-11 06:44:09+00:00
487,,IT,True,2025-04-08 22:06:52+00:00,2025-05-03 22:06:52+00:00
488,,PL,False,2025-02-11 17:10:42+00:00,2025-02-17 17:10:42+00:00
489,597.0,BR,True,2025-02-20 22:00:56+00:00,2025-03-16 22:00:56+00:00
490,600.0,MX,True,2025-01-05 18:04:03+00:00,2025-01-10 18:04:03+00:00
491,603.0,US,True,2025-03-31 07:35:58+00:00,2025-04-02 07:35:58+00:00
492,,PT,True,2025-01-02 20:45:03+00:00,2025-01-15 20:45:03+00:00
493,604.0,FR,True,2025-05-08 06:25:44+00:00,2025-05-13 06:25:44+00:00
494,605.0,BR,True,2024-09-19 20:41:02+00:00,2024-09-29 20:41:02+00:00
495,607.0,PT,True,2025-01-07 05:03:41+00:00,2025-01-20 05:03:41+00:00
496,608.0,DE,True,2025-01-12 01:33:14+00:00,2025-01-17 01:33:14+00:00
497,610.0,AR,True,2025-02-06 16:48:01+00:00,2025-02-24 16:48:01+00:00
498,,GB,True,2024-10-22 03:06:11+00:00,2024-11-19 03:06:11+00:00
499,612.0,IT,True,2025-04-03 17:37:05+00:00,2025-04-21 17:37:05+00:00
500,615.0,IT,True,2025-04-18 18:46:42+00:00,2025-05-14 18:46:42+00:00
501,,AR,True,2025-01-25 14:30:20+00:00,2025-02-04 14:30:20+00:00
502,616.0,BR,True,2025-06-13 15:10:56+00:00,2025-06-17 15:10:56+00:00
503,,DE,True,2025-05-31 06:21:12+00:00,2025-06-21 06:21:12+00:00
504,617.0,GB,True,2024-12-01 07:09:29+00:00,2024-12-15 07:09:29+00:00
505,618.0,CA,True,2024-11-06 08:07:32+00:00,2024-11-24 08:07:32+00:00
506,621.0,US,True,2025-01-31 09:40:18+00:00,2025-02-06 09:40:18+00:00
507,626.0,GB,True,2025-08-15 03:44:39+00:00,2025-09-03 03:44:39+00:00
508,627.0,GB,True,2024-10-31 06:01:31+00:00,2024-11-06 06:01:31+00:00
509,628.0,MX,True,2025-08-10 10:29:00+00:00,2025-09-05 10:29:00+00:00
510,629.0,PL,True,2025-05-24 15:45:38+00:00,2025-06-09 15:45:38+00:00
511,631.0,US,True,2025-09-06 10:14:04+00:00,2025-09-20 10:14:04+00:00
512,632.0,GB,True,2024-09-28 05:54:28+00:00,2024-10-15 05:54:28+00:00
513,638.0,GB,True,2025-02-22 03:34:05+00:00,2025-02-25 03:34:05+00:00
514,639.0,CA,True,2025-01-25 22:18:44+00:00,2025-02-11 22:18:44+00:00
515,642.0,IT,True,2025-07-02 05:49:10+00:00,2025-07-11 05:49:10+00:00
516,644.0,MX,True,2025-05-09 18:24:28+00:00,2025-05-18 18:24:28+00:00
517,648.0,AR,True,2024-09-20 12:45:57+00:00,2024-10-17 12:45:57+00:00
518,,US,True,2025-04-17 05:38:53+00:00,2025-04-20 05:38:53+00:00
519,650.0,US,True,2025-02-08 13:55:59+00:00,2025-02-21 13:55:59+00:00
520,652.0,US,True,2025-07-27 00:47:56+00:00,2025-08-25 00:47:56+00:00
521,654.0,FR,True,2025-04-26 12:20:52+00:00,2025-05-14 12:20:52+00:00
522,655.0,BR,True,2025-07-10 13:32:15+00:00,2025-07-16 13:32:15+00:00
523,,ES,True,2025-07-23 09:38:54+00:00,2025-07-26 09:38:54+00:00
524,,ES,False,2025-02-24 04:42:10+00:00,2025-03-07 04:42:10+00:00
525,656.0,DE,True,2025-01-06 13:39:45+00:00,2025-01-28 13:39:45+00:00
526,658.0,AR,True,2025-07-23 06:24:24+00:00,2025-08-17 06:24:24+00:00
527,659.0,ES,True,2025-07-03 21:15:39+00:00,2025-07-24 21:15:39+00:00
528,660.0,PT,True,2025-02-14 13:51:55+00:00,2025-03-15 13:51:55+00:00
529,667.0,GB,True,2025-06-23 09:44:10+00:00,2025-07-22 09:44:10+00:00
530,668.0,GB,True,2024-10-23 13:17:58+00:00,2024-11-17 13:17:58+00:00
531,,PL,True,2025-08-24 07:24:26+00:00,2025-09-16 07:24:26+00:00
532,669.0,IT,True,2025-03-06 00:29:49+00:00,2025-03-24 00:29:49+00:00
533,670.0,GB,True,2025-04-02 17:43:46+00:00,2025-04-08 17:43:46+00:00
534,673.0,IT,True,2024-10-26 20:39:30+00:00,2024-11-20 20:39:30+00:00
535,676.0,IT,True,2024-10-14 18:17:22+00:00,2024-10-26 18:17:22+00:00
536,677.0,AR,True,2025-01-16 03:02:46+00:00,2025-02-01 03:02:46+00:00
537,678.0,CA,True,2024-10-13 16:59:26+00:00,2024-11-07 16:59:26+00:00
538,681.0,CA,True,2024-12-22 19:16:43+00:00,2025-01-16 19:16:43+00:00
539,,GB,True,2025-05-14 13:09:15+00:00,2025-05-22 13:09:15+00:00
540,682.0,FR,True,2025-04-18 00:50:31+00:00,2025-04-20 00:50:31+00:00
541,683.0,US,True,2024-10-18 14:11:38+00:00,2024-11-11 14:11:38+00:00
542,684.0,IT,True,2025-01-24 06:26:01+00:00,2025-02-10 06:26:01+00:00
543,685.0,US,True,2024-12-18 21:53:57+00:00,2025-01-10 21:53:57+00:00
544,,CA,True,2025-08-04 10:28:21+00:00,2025-08-28 10:28:21+00:00
545,686.0,PL,True,2025-07-11 14:22:35+00:00,2025-07-18 14:22:35+00:00
546,688.0,PT,True,2024-11-23 22:19:00+00:00,2024-12-16 22:19:00+00:00
547,,GB,True,2025-05-21 14:51:34+00:00,2025-05-29 14:51:34+00:00
548,,US,True,2025-03-26 00:45:38+00:00,2025-04-15 00:45:38+00:00
549,,IT,True,2025-02-16 07:23:41+00:00,2025-03-17 07:23:41+00:00
550,691.0,IT,True,2025-06-25 00:45:04+00:00,2025-07-03 00:45:04+00:00
551,692.0,CA,True,2025-02-13 06:05:20+00:00,2025-02-24 06:05:20+00:00
552,693.0,ES,True,2025-01-13 15:41:43+00:00,2025-01-13 15:41:43+00:00
553,694.0,GB,True,2025-03-27 01:46:29+00:00,2025-03-29 01:46:29+00:00
554,695.0,ES,True,2025-04-09 03:27:21+00:00,2025-04-19 03:27:21+00:00
555,,MX,True,2024-09-23 15:16:39+00:00,2024-09-28 15:16:39+00:00
556,696.0,PT,True,2025-02-17 21:08:17+00:00,2025-03-07 21:08:17+00:00
557,698.0,MX,True,2025-04-07 04:07:01+00:00,2025-04-17 04:07:01+00:00
558,700.0,PL,True,2025-06-30 15:27:10+00:00,2025-07-17 15:27:10+00:00
559,701.0,BR,True,2024-12-24 01:34:31+00:00,2025-01-22 01:34:31+00:00
560,703.0,US,True,2025-04-08 11:00:45+00:00,2025-04-08 11:00:45+00:00
561,705.0,FR,True,2025-07-22 01:49:31+00:00,2025-08-18 01:49:31+00:00
562,706.0,PL,True,2025-07-17 15:33:29+00:00,2025-07-27 15:33:29+00:00
563,707.0,CA,True,2025-03-15 16:00:23+00:00,2025-04-14 16:00:23+00:00
564,708.0,CA,True,2024-10-20 07:07:04+00:00,2024-11-19 07:07:04+00:00
565,709.0,US,True,2025-01-26 00:47:58+00:00,2025-02-04 00:47:58+00:00
566,,DE,True,2025-06-14 08:04:15+00:00,2025-06-30 08:04:15+00:00
567,,GB,True,2024-11-26 17:58:02+00:00,2024-12-02 17:58:02+00:00
568,,MX,True,2025-02-09 15:51:30+00:00,2025-03-11 15:51:30+00:00
569,710.0,GB,True,2024-11-24 05:51:31+00:00,2024-12-12 05:51:31+00:00
570,712.0,PT,True,2025-03-14 04:07:27+00:00,2025-04-06 04:07:27+00:00
571,715.0,DE,True,2024-12-21 12:50:53+00:00,2025-01-09 12:50:53+00:00
572,716.0,AR,True,2024-10-22 03:19:56+00:00,2024-10-25 03:19:56+00:00
573,720.0,IT,True,2024-09-22 06:27:49+00:00,2024-10-03 06:27:49+00:00
574,,PL,True,2025-03-07 13:51:10+00:00,2025-03-21 13:51:10+00:00
575,,CA,False,2025-01-31 06:30:32+00:00,2025-02-08 06:30:32+00:00
576,721.0,IT,True,2025-06-04 21:53:04+00:00,2025-07-02 21:53:04+00:00
577,,MX,True,2025-08-20 14:14:37+00:00,2025-09-01 14:14:37+00:00
578,723.0,BR,True,2025-06-04 12:04:19+00:00,2025-06-17 12:04:19+00:00
579,725.0,CA,True,2025-03-22 00:18:57+00:00,2025-04-12 00:18:57+00:00
580,726.0,PL,True,2024-10-23 16:38:36+00:00,2024-10-26 16:38:36+00:00
581,727.0,BR,True,2025-03-27 00:50:48+00:00,2025-04-06 00:50:48+00:00
582,728.0,ES,True,2025-06-18 10:14:49+00:00,2025-07-16 10:14:49+00:00
583,729.0,ES,True,2025-09-14 12:36:45+00:00,2025-10-03 12:36:45+00:00
584,730.0,ES,True,2024-12-13 12:11:29+00:00,2024-12-21 12:11:29+00:00
585,731.0,AR,True,2025-01-08 16:23:08+00:00,2025-02-04 16:23:08+00:00
586,733.0,MX,True,2025-04-23 05:16:21+00:00,2025-05-06 05:16:21+00:00
587,,MX,True,2024-12-13 07:12:28+00:00,2024-12-23 07:12:28+00:00
588,736.0,ES,True,2025-07-29 22:18:35+00:00,2025-08-13 22:18:35+00:00
589,,BR,True,2025-07-21 09:15:19+00:00,2025-07-24 09:15:19+00:00
590,737.0,DE,True,2024-12-01 14:29:42+00:00,2024-12-13 14:29:42+00:00
591,743.0,ES,True,2025-08-03 11:52:18+00:00,2025-08-23 11:52:18+00:00
592,,IT,False,2025-04-06 09:21:42+00:00,2025-04-15 09:21:42+00:00
593,,CA,True,2024-12-05 12:48:24+00:00,2025-01-02 12:48:24+00:00
594,,FR,True,2024-10-10 10:18:20+00:00,2024-10-30 10:18:20+00:00
595,745.0,BR,True,2025-07-11 05:44:09+00:00,2025-08-05 05:44:09+00:00
596,,GB,True,2025-03-18 20:56:51+00:00,2025-04-11 20:56:51+00:00
597,747.0,PL,True,2025-02-25 07:13:42+00:00,2025-03-07 07:13:42+00:00
598,749.0,DE,True,2024-10-28 15:06:33+00:00,2024-11-19 15:06:33+00:00
599,750.0,DE,True,2024-10-24 07:34:27+00:00,2024-11-22 07:34:27+00:00
600,,US,False,2024-09-26 21:44:50+00:00,2024-09-29 21:44:50+00:00
601,752.0,BR,True,2025-05-19 10:34:07+00:00,2025-05-23 10:34:07+00:00
602,,US,False,2025-07-25 04:23:02+00:00,2025-08-17 04:23:02+00:00
603,753.0,GB,True,2024-11-05 03:48:54+00:00,2024-11-28 03:48:54+00:00
604,,PL,True,2025-04-13 01:24:51+00:00,2025-04-13 01:24:51+00:00
605,,AR,True,2024-09-26 00:56:19+00:00,2024-10-21 00:56:19+00:00
606,755.0,BR,True,2024-09-27 20:30:44+00:00,2024-09-29 20:30:44+00:00
607,757.0,PT,True,2025-08-18 19:45:40+00:00,2025-09-12 19:45:40+00:00
608,759.0,GB,True,2024-12-18 00:02:56+00:00,2024-12-22 00:02:56+00:00
609,760.0,IT,True,2025-08-25 19:18:50+00:00,2025-09-21 19:18:50+00:00
610,,CA,False,2024-11-04 15:55:53+00:00,2024-12-04 15:55:53+00:00
611,761.0,GB,True,2024-10-14 15:21:03+00:00,2024-10-30 15:21:03+00:00
612,763.0,FR,True,2024-11-18 15:36:56+00:00,2024-12-03 15:36:56+00:00
613,765.0,PT,True,2025-05-09 02:42:19+00:00,2025-05-16 02:42:19+00:00
614,766.0,US,True,2025-09-06 08:02:48+00:00,2025-09-08 08:02:48+00:00
615,767.0,PL,True,2025-04-11 13:16:36+00:00,2025-05-02 13:16:36+00:00
616,,MX,True,2024-12-26 22:02:57+00:00,2024-12-28 22:02:57+00:00
617,,US,True,2025-04-14 07:08:20+00:00,2025-04-14 07:08:20+00:00
618,770.0,MX,True,2025-05-09 10:55:52+00:00,2025-05-15 10:55:52+00:00
619,772.0,DE,True,2024-12-28 21:36:47+00:00,2025-01-15 21:36:47+00:00
620,773.0,FR,True,2025-06-04 21:51:09+00:00,2025-07-04 21:51:09+00:00
621,,PT,True,2025-04-29 05:01:08+00:00,2025-05-26 05:01:08+00:00
622,774.0,FR,True,2025-02-22 09:04:38+00:00,2025-03-23 09:04:38+00:00
623,775.0,PL,True,2024-10-19 20:55:43+00:00,2024-11-07 20:55:43+00:00
624,777.0,FR,True,2025-01-07 16:17:58+00:00,2025-01-09 16:17:58+00:00
625,778.0,PT,True,2025-08-06 17:57:47+00:00,2025-09-05 17:57:47+00:00
626,780.0,IT,True,2025-09-13 10:29:31+00:00,2025-10-11 10:29:31+00:00
627,,US,True,2025-06-01 20:29:17+00:00,2025-06-29 20:29:17+00:00
628,785.0,DE,True,2025-05-28 23:42:17+00:00,2025-06-18 23:42:17+00:00
629,786.0,FR,True,2024-10-12 02:54:35+00:00,2024-11-10 02:54:35+00:00
630,787.0,FR,True,2025-07-30 04:08:31+00:00,2025-08-03 04:08:31+00:00
631,788.0,GB,True,2024-12-25 07:04:19+00:00,2024-12-26 07:04:19+00:00
632,789.0,DE,True,2025-04-11 08:34:59+00:00,2025-05-01 08:34:59+00:00
633,,GB,True,2025-06-13 18:34:30+00:00,2025-06-22 18:34:30+00:00
634,790.0,ES,True,2024-11-05 13:19:59+00:00,2024-11-21 13:19:59+00:00
635,793.0,IT,True,2025-08-12 04:12:34+00:00,2025-09-02 04:12:34+00:00
636,794.0,BR,True,2024-10-25 14:48:55+00:00,2024-11-01 14:48:55+00:00
637,797.0,US,True,2025-06-23 00:51:43+00:00,2025-07-01 00:51:43+00:00
638,798.0,ES,True,2025-08-01 18:16:39+00:00,2025-08-08 18:16:39+00:00
639,799.0,IT,True,2024-10-22 15:35:18+00:00,2024-11-03 15:35:18+00:00
640,800.0,US,True,2025-02-01 15:43:35+00:00,2025-02-23 15:43:35+00:00
641,801.0,PT,True,2025-07-27 04:32:01+00:00,2025-08-02 04:32:01+00:00
642,803.0,PL,True,2024-12-20 01:47:49+00:00,2024-12-29 01:47:49+00:00
643,805.0,AR,True,2025-04-01 19:22:54+00:00,2025-04-30 19:22:54+00:00
644,809.0,AR,True,2025-02-03 09:36:16+00:00,2025-03-02 09:36:16+00:00
645,810.0,AR,True,2025-08-16 07:40:02+00:00,2025-08-18 07:40:02+00:00
646,811.0,CA,True,2024-10-04 22:17:19+00:00,2024-10-08 22:17:19+00:00
647,812.0,BR,True,2025-05-14 20:06:05+00:00,2025-05-14 20:06:05+00:00
648,,CA,False,2025-05-14 06:21:37+00:00,2025-05-19 06:21:37+00:00
649,,MX,True,2024-10-24 09:20:04+00:00,2024-11-04 09:20:04+00:00
650,813.0,DE,True,2025-04-23 04:22:29+00:00,2025-04-30 04:22:29+00:00
651,816.0,DE,True,2024-09-26 11:41:36+00:00,2024-10-14 11:41:36+00:00
652,,MX,True,2025-09-01 01:28:25+00:00,2025-09-17 01:28:25+00:00
653,817.0,FR,True,2025-03-03 06:52:53+00:00,2025-03-06 06:52:53+00:00
654,818.0,US,True,2025-08-30 13:51:50+00:00,2025-09-13 13:51:50+00:00
655,,DE,False,2025-04-07 04:03:55+00:00,2025-04-15 04:03:55+00:00
656,819.0,MX,True,2025-03-13 12:12:46+00:00,2025-03-13 12:12:46+00:00
657,820.0,PL,True,2025-02-24 14:19:33+00:00,2025-03-12 14:19:33+00:00
658,,MX,False,2025-01-24 19:21:22+00:00,2025-02-12 19:21:22+00:00
659,821.0,DE,True,2025-04-10 05:30:13+00:00,2025-05-03 05:30:13+00:00
660,823.0,MX,True,2024-11-20 17:00:37+00:00,2024-12-17 17:00:37+00:00
661,826.0,ES,True,2024-09-23 09:47:48+00:00,2024-10-08 09:47:48+00:00
662,828.0,BR,True,2025-01-05 04:46:08+00:00,2025-01-18 04:46:08+00:00
663,830.0,PL,True,2024-11-22 06:33:16+00:00,2024-12-21 06:33:16+00:00
664,833.0,GB,True,2025-06-04 04:46:48+00:00,2025-07-02 04:46:48+00:00
665,834.0,MX,True,2025-03-07 00:40:55+00:00,2025-03-21 00:40:55+00:00
666,835.0,FR,True,2025-06-13 13:11:42+00:00,2025-06-24 13:11:42+00:00
667,837.0,PL,True,2024-10-21 18:52:37+00:00,2024-10-29 18:52:37+00:00
668,842.0,PT,True,2025-03-24 06:21:41+00:00,2025-04-15 06:21:41+00:00
669,,PL,True,2024-12-01 22:33:36+00:00,2024-12-26 22:33:36+00:00
670,845.0,DE,True,2025-04-04 01:42:07+00:00,2025-04-15 01:42:07+00:00
671,846.0,PT,True,2024-10-08 07:11:25+00:00,2024-11-06 07:11:25+00:00
672,849.0,MX,True,2024-11-17 01:41:52+00:00,2024-12-03 01:41:52+00:00
673,851.0,PT,True,2025-07-13 04:03:07+00:00,2025-07-22 04:03:07+00:00
674,852.0,DE,True,2025-06-07 20:40:41+00:00,2025-06-07 20:40:41+00:00
675,854.0,DE,True,2025-01-06 09:42:55+00:00,2025-01-24 09:42:55+00:00
676,856.0,US,True,2025-01-26 02:19:32+00:00,2025-02-08 02:19:32+00:00
677,857.0,PL,True,2025-02-07 09:04:36+00:00,2025-02-15 09:04:36+00:00
678,860.0,CA,True,2025-02-25 09:44:54+00:00,2025-03-24 09:44:54+00:00
679,861.0,FR,True,2025-06-26 14:04:55+00:00,2025-06-30 14:04:55+00:00
680,,US,True,2025-08-02 23:29:08+00:00,2025-08-25 23:29:08+00:00
681,865.0,ES,True,2025-08-28 00:13:16+00:00,2025-09-06 00:13:16+00:00
682,866.0,ES,True,2025-03-31 09:39:40+00:00,2025-04-07 09:39:40+00:00
683,868.0,MX,True,2024-12-16 22:09:51+00:00,2025-01-15 22:09:51+00:00
684,,US,False,2025-06-14 19:00:07+00:00,2025-07-03 19:00:07+00:00
685,869.0,PT,True,2024-11-19 07:15:01+00:00,2024-12-17 07:15:01+00:00
686,,PL,True,2025-03-11 20:46:59+00:00,2025-04-04 20:46:59+00:00
687,870.0,ES,True,2025-05-21 07:39:11+00:00,2025-05-27 07:39:11+00:00
688,871.0,PT,True,2025-06-26 12:01:20+00:00,2025-07-25 12:01:20+00:00
689,872.0,MX,True,2025-08-25 23:57:23+00:00,2025-09-19 23:57:23+00:00
690,874.0,GB,True,2025-05-26 12:22:13+00:00,2025-06-17 12:22:13+00:00
691,875.0,PL,True,2025-01-10 13:58:32+00:00,2025-01-21 13:58:32+00:00
692,877.0,DE,True,2025-02-13 23:57:36+00:00,2025-03-15 23:57:36+00:00
693,879.0,GB,True,2024-12-19 00:43:58+00:00,2024-12-19 00:43:58+00:00
694,881.0,GB,True,2025-03-23 04:35:57+00:00,2025-04-21 04:35:57+00:00
695,,PT,True,2025-09-13 11:06:32+00:00,2025-09-24 11:06:32+00:00
696,882.0,CA,True,2025-05-06 04:19:00+00:00,2025-06-03 04:19:00+00:00
697,884.0,PT,True,2024-12-27 17:41:31+00:00,2024-12-31 17:41:31+00:00
698,885.0,GB,True,2025-08-18 19:54:19+00:00,2025-09-11 19:54:19+00:00
699,886.0,FR,True,2025-05-26 02:26:54+00:00,2025-05-27 02:26:54+00:00
700,,PT,True,2025-02-04 17:47:53+00:00,2025-02-14 17:47:53+00:00
701,887.0,IT,True,2025-07-18 13:17:21+00:00,2025-08-02 13:17:21+00:00
702,889.0,AR,True,2025-07-11 12:55:28+00:00,2025-08-03 12:55:28+00:00
703,890.0,IT,True,2025-05-25 08:19:43+00:00,2025-05-26 08:19:43+00:00
704,891.0,AR,True,2025-09-16 11:23:28+00:00,2025-10-09 11:23:28+00:00
705,892.0,DE,True,2025-09-16 23:08:07+00:00,2025-10-06 23:08:07+00:00
706,894.0,CA,True,2025-09-05 18:24:10+00:00,2025-10-04 18:24:10+00:00
707,,BR,True,2025-09-11 18:51:01+00:00,2025-09-17 18:51:01+00:00
708,895.0,US,True,2024-11-29 16:25:53+00:00,2024-12-27 16:25:53+00:00
709,896.0,US,True,2025-03-30 00:48:24+00:00,2025-04-02 00:48:24+00:00
710,897.0,DE,True,2025-07-12 15:17:02+00:00,2025-07-24 15:17:02+00:00
711,,BR,True,2025-09-06 05:44:57+00:00,2025-09-21 05:44:57+00:00
712,,CA,True,2025-04-10 22:23:58+00:00,2025-04-27 22:23:58+00:00
713,,PT,True,2024-09-27 01:53:18+00:00,2024-10-24 01:53:18+00:00
714,901.0,MX,True,2025-07-13 11:27:01+00:00,2025-08-02 11:27:01+00:00
715,902.0,BR,True,2024-11-22 17:45:31+00:00,2024-12-13 17:45:31+00:00
716,903.0,ES,True,2025-01-08 00:51:11+00:00,2025-01-25 00:51:11+00:00
717,908.0,ES,True,2025-02-15 14:58:33+00:00,2025-03-08 14:58:33+00:00
718,,US,True,2024-12-04 05:35:15+00:00,2024-12-25 05:35:15+00:00
719,909.0,PT,True,2024-11-24 23:30:14+00:00,2024-11-27 23:30:14+00:00
720,910.0,DE,True,2025-06-14 17:14:55+00:00,2025-06-14 17:14:55+00:00
721,911.0,PT,True,2025-01-10 22:27:49+00:00,2025-01-10 22:27:49+00:00
722,912.0,IT,True,2024-09-30 06:42:43+00:00,2024-10-28 06:42:43+00:00
723,915.0,MX,True,2024-11-12 05:42:42+00:00,2024-12-11 05:42:42+00:00
724,,PL,True,2025-07-21 21:54:26+00:00,2025-08-13 21:54:26+00:00
725,917.0,DE,True,2025-01-21 10:41:41+00:00,2025-02-01 10:41:41+00:00
726,,FR,True,2025-05-15 18:01:44+00:00,2025-05-26 18:01:44+00:00
727,922.0,AR,True,2025-06-11 09:43:11+00:00,2025-06-16 09:43:11+00:00
728,923.0,MX,True,2024-10-21 00:43:56+00:00,2024-11-08 00:43:56+00:00
729,927.0,PL,True,2025-06-23 21:23:48+00:00,2025-06-27 21:23:48+00:00
730,,PT,True,2025-08-01 05:53:24+00:00,2025-08-30 05:53:24+00:00
731,928.0,GB,True,2025-04-03 09:45:25+00:00,2025-04-18 09:45:25+00:00
732,,GB,True,2025-06-29 07:41:54+00:00,2025-07-04 07:41:54+00:00
733,,IT,True,2025-02-05 06:24:08+00:00,2025-02-26 06:24:08+00:00
734,929.0,FR,True,2024-10-07 00:31:16+00:00,2024-10-25 00:31:16+00:00
735,930.0,IT,True,2025-04-17 08:49:22+00:00,2025-04-29 08:49:22+00:00
736,932.0,US,True,2025-05-31 10:53:07+00:00,2025-06-05 10:53:07+00:00
737,933.0,ES,True,2025-03-25 10:34:26+00:00,2025-04-23 10:34:26+00:00
738,934.0,MX,True,2025-07-10 07:47:18+00:00,2025-08-03 07:47:18+00:00
739,,AR,True,2024-12-10 05:16:33+00:00,2025-01-07 05:16:33+00:00
740,,CA,True,2025-04-30 02:03:19+00:00,2025-05-13 02:03:19+00:00
741,935.0,US,True,2025-05-24 17:35:28+00:00,2025-05-25 17:35:28+00:00
742,937.0,AR,True,2025-08-10 06:43:04+00:00,2025-08-29 06:43:04+00:00
743,,MX,False,2025-06-21 06:47:50+00:00,2025-07-01 06:47:50+00:00
744,938.0,US,True,2024-12-22 00:21:09+00:00,2025-01-11 00:21:09+00:00
745,940.0,IT,True,2025-04-23 21:56:50+00:00,2025-05-08 21:56:50+00:00
746,941.0,DE,True,2024-10-19 07:11:14+00:00,2024-11-11 07:11:14+00:00
747,943.0,CA,True,2024-12-21 14:23:57+00:00,2025-01-15 14:23:57+00:00
748,945.0,ES,True,2024-10-24 23:52:31+00:00,2024-11-23 23:52:31+00:00
749,947.0,MX,True,2025-03-07 13:57:15+00:00,2025-03-11 13:57:15+00:00
750,948.0,BR,True,2025-06-13 01:26:44+00:00,2025-06-30 01:26:44+00:00
751,949.0,US,True,2025-06-25 18:45:02+00:00,2025-07-25 18:45:02+00:00
752,952.0,AR,True,2025-07-25 10:35:06+00:00,2025-08-20 10:35:06+00:00
753,956.0,ES,True,2024-10-17 00:53:45+00:00,2024-10-28 00:53:45+00:00
754,959.0,PL,True,2024-12-30 02:31:06+00:00,2025-01-03 02:31:06+00:00
755,961.0,US,True,2024-10-10 03:24:22+00:00,2024-11-06 03:24:22+00:00
756,963.0,US,True,2025-02-02 09:43:37+00:00,2025-02-18 09:43:37+00:00
757,967.0,PT,True,2024-10-06 11:48:03+00:00,2024-10-07 11:48:03+00:00
758,970.0,IT,True,2024-11-12 05:43:54+00:00,2024-12-08 05:43:54+00:00
759,,PT,True,2024-12-16 02:57:48+00:00,2025-01-07 02:57:48+00:00
760,971.0,PL,True,2025-05-03 15:10:54+00:00,2025-06-02 15:10:54+00:00
761,972.0,PT,True,2025-01-20 17:55:08+00:00,2025-02-16 17:55:08+00:00
762,,FR,True,2025-01-21 11:19:10+00:00,2025-02-02 11:19:10+00:00
763,973.0,IT,True,2024-12-01 22:59:45+00:00,2024-12-04 22:59:45+00:00
764,975.0,IT,True,2024-10-26 14:15:01+00:00,2024-11-03 14:15:01+00:00
765,978.0,MX,True,2024-12-20 21:47:36+00:00,2024-12-28 21:47:36+00:00
766,979.0,ES,True,2025-03-22 16:39:23+00:00,2025-03-26 16:39:23+00:00
767,980.0,ES,True,2025-07-08 11:02:46+00:00,2025-08-06 11:02:46+00:00
768,,MX,True,2024-12-04 04:15:57+00:00,2024-12-19 04:15:57+00:00
769,,US,True,2025-03-04 12:17:54+00:00,2025-03-23 12:17:54+00:00
770,,AR,True,2025-05-11 12:17:22+00:00,2025-05-22 12:17:22+00:00
771,,US,True,2025-01-09 17:03:17+00:00,2025-01-28 17:03:17+00:00
772,,US,True,2024-09-21 22:14:18+00:00,2024-09-25 22:14:18+00:00
773,,PT,True,2025-08-12 00:17:17+00:00,2025-08-27 00:17:17+00:00
774,982.0,FR,True,2025-04-21 17:07:49+00:00,2025-05-06 17:07:49+00:00
775,,PT,False,2025-01-05 13:40:58+00:00,2025-01-12 13:40:58+00:00
776,,BR,True,2025-01-25 05:56:25+00:00,2025-02-19 05:56:25+00:00
777,984.0,ES,True,2024-09-27 07:36:08+00:00,2024-10-18 07:36:08+00:00
778,,MX,True,2025-06-16 04:25:35+00:00,2025-06-17 04:25:35+00:00
779,,GB,True,2025-07-12 00:32:47+00:00,2025-07-25 00:32:47+00:00
780,986.0,AR,True,2025-05-21 21:04:28+00:00,2025-06-04 21:04:28+00:00
781,,US,False,2025-04-05 21:20:46+00:00,2025-04-16 21:20:46+00:00
782,988.0,PL,True,2025-09-12 08:20:19+00:00,2025-09-13 08:20:19+00:00
783,990.0,ES,True,2025-01-15 10:46:41+00:00,2025-01-22 10:46:41+00:00
784,,GB,False,2025-03-05 06:44:14+00:00,2025-03-30 06:44:14+00:00
785,991.0,FR,True,2025-07-30 18:33:39+00:00,2025-07-30 18:33:39+00:00
786,992.0,AR,True,2025-01-09 04:32:25+00:00,2025-01-10 04:32:25+00:00
787,997.0,CA,True,2025-03-31 12:44:41+00:00,2025-04-10 12:44:41+00:00
788,998.0,PL,True,2025-02-12 20:41:50+00:00,2025-02-21 20:41:50+00:00
789,999.0,CA,True,2025-04-01 10:05:23+00:00,2025-04-04 10:05:23+00:00
790,1000.0,MX,True,2025-06-25 09:26:50+00:00,2025-07-12 09:26:50+00:00
791,753.0,ES,True,2025-02-04 06:55:15+00:00,2025-03-04 06:55:15+00:00
792,310.0,ES,True,2025-06-16 03:58:07+00:00,2025-07-10 03:58:07+00:00
793,670.0,FR,True,2025-07-20 09:28:48+00:00,2025-08-17 09:28:48+00:00
794,555.0,PT,True,2024-12-25 23:23:57+00:00,2024-12-26 23:23:57+00:00
795,,PL,True,2024-11-29 14:07:36+00:00,2024-12-18 14:07:36+00:00
796,209.0,DE,True,2025-02-07 20:37:50+00:00,2025-03-05 20:37:50+00:00
797,760.0,FR,True,2025-08-02 08:25:38+00:00,2025-08-05 08:25:38+00:00
798,,PL,True,2025-05-22 10:40:51+00:00,2025-05-23 10:40:51+00:00
799,666.0,ES,True,2024-10-06 11:49:32+00:00,2024-11-05 11:49:32+00:00
800,857.0,US,True,2024-12-28 14:09:26+00:00,2025-01-05 14:09:26+00:00
801,848.0,IT,True,2025-02-07 21:57:43+00:00,2025-02-08 21:57:43+00:00
802,,PT,True,2025-02-26 20:30:34+00:00,2025-02-26 20:30:34+00:00
803,46.0,GB,True,2024-12-20 07:06:41+00:00,2025-01-01 07:06:41+00:00
804,546.0,CA,True,2025-06-23 11:18:05+00:00,2025-07-02 11:18:05+00:00
805,357.0,BR,True,2024-12-24 03:21:09+00:00,2025-01-22 03:21:09+00:00
806,,IT,True,2025-08-25 20:20:18+00:00,2025-09-20 20:20:18+00:00
807,,PT,True,2025-03-10 00:49:55+00:00,2025-04-03 00:49:55+00:00
808,850.0,BR,True,2024-09-18 12:12:54+00:00,2024-10-15 12:12:54+00:00
809,,GB,False,2025-08-03 10:26:03+00:00,2025-08-27 10:26:03+00:00
810,,BR,True,2025-06-25 16:01:31+00:00,2025-07-25 16:01:31+00:00
811,,AR,True,2024-10-17 21:06:18+00:00,2024-11-16 21:06:18+00:00
812,587.0,FR,True,2025-01-26 09:13:09+00:00,2025-02-19 09:13:09+00:00
813,984.0,FR,True,2024-09-19 23:22:37+00:00,2024-10-12 23:22:37+00:00
814,16.0,ES,True,2025-02-17 02:56:44+00:00,2025-03-10 02:56:44+00:00
815,256.0,PT,True,2024-11-16 21:17:26+00:00,2024-11-25 21:17:26+00:00
816,40.0,PL,True,2025-01-29 05:31:30+00:00,2025-02-09 05:31:30+00:00
817,802.0,PT,True,2024-09-30 16:05:06+00:00,2024-10-24 16:05:06+00:00
818,315.0,IT,True,2025-03-17 14:02:19+00:00,2025-03-27 14:02:19+00:00
819,,PT,True,2025-05-15 13:05:08+00:00,2025-05-15 13:05:08+00:00
820,38.0,DE,True,2025-08-11 22:21:37+00:00,2025-08-26 22:21:37+00:00
821,,MX,True,2025-06-12 05:43:19+00:00,2025-06-13 05:43:19+00:00
822,,IT,True,2024-11-08 21:23:32+00:00,2024-11-27 21:23:32+00:00
823,66.0,FR,True,2025-05-18 01:50:00+00:00,2025-05-26 01:50:00+00:00
824,507.0,PT,True,2025-02-02 14:29:29+00:00,2025-02-22 14:29:29+00:00
825,633.0,CA,True,2024-12-01 16:20:27+00:00,2024-12-08 16:20:27+00:00
826,189.0,US,True,2024-10-30 16:22:55+00:00,2024-11-26 16:22:55+00:00
827,43.0,DE,True,2024-10-16 18:19:20+00:00,2024-10-23 18:19:20+00:00
828,,BR,False,2025-06-20 21:36:35+00:00,2025-06-28 21:36:35+00:00
829,879.0,BR,True,2024-11-12 08:33:41+00:00,2024-11-29 08:33:41+00:00
830,241.0,AR,True,2024-12-11 14:37:51+00:00,2024-12-13 14:37:51+00:00
831,524.0,FR,True,2024-11-09 00:15:22+00:00,2024-11-15 00:15:22+00:00
832,850.0,PL,True,2024-12-23 23:49:32+00:00,2025-01-05 23:49:32+00:00
833,897.0,US,True,2024-09-25 17:49:24+00:00,2024-09-25 17:49:24+00:00
834,369.0,PL,True,2025-06-30 16:15:38+00:00,2025-07-13 16:15:38+00:00
835,966.0,MX,True,2024-12-30 23:41:58+00:00,2025-01-18 23:41:58+00:00
836,46.0,BR,True,2025-08-30 19:13:20+00:00,2025-09-03 19:13:20+00:00
837,624.0,IT,True,2025-03-20 19:01:30+00:00,2025-03-30 19:01:30+00:00
838,,FR,True,2025-08-12 15:21:29+00:00,2025-09-06 15:21:29+00:00
839,,IT,False,2025-08-27 08:33:04+00:00,2025-09-08 08:33:04+00:00
840,744.0,IT,True,2025-02-14 03:31:49+00:00,2025-03-10 03:31:49+00:00
841,80.0,MX,True,2024-10-12 19:08:22+00:00,2024-10-19 19:08:22+00:00
842,589.0,IT,True,2025-06-05 21:53:31+00:00,2025-06-28 21:53:31+00:00
843,125.0,GB,True,2025-03-13 01:35:01+00:00,2025-03-29 01:35:01+00:00
844,676.0,BR,True,2025-06-05 11:52:58+00:00,2025-06-19 11:52:58+00:00
845,857.0,PL,True,2024-10-14 14:45:43+00:00,2024-11-12 14:45:43+00:00
846,819.0,ES,True,2025-04-18 00:37:37+00:00,2025-04-29 00:37:37+00:00
847,767.0,ES,True,2024-10-28 07:15:08+00:00,2024-11-19 07:15:08+00:00
848,981.0,ES,True,2025-05-10 02:38:11+00:00,2025-05-21 02:38:11+00:00
849,518.0,US,True,2024-10-24 12:04:50+00:00,2024-11-04 12:04:50+00:00
850,236.0,MX,True,2025-07-11 21:02:49+00:00,2025-07-24 21:02:49+00:00
851,847.0,ES,True,2024-11-10 09:56:08+00:00,2024-12-09 09:56:08+00:00
852,932.0,FR,True,2025-07-10 21:46:35+00:00,2025-07-28 21:46:35+00:00
853,267.0,MX,True,2025-07-24 04:12:51+00:00,2025-08-03 04:12:51+00:00
854,419.0,PL,True,2024-12-25 16:33:46+00:00,2024-12-29 16:33:46+00:00
855,903.0,IT,True,2025-02-03 05:24:12+00:00,2025-03-03 05:24:12+00:00
856,,CA,True,2024-10-19 13:15:56+00:00,2024-10-22 13:15:56+00:00
857,568.0,GB,True,2025-08-25 21:32:24+00:00,2025-09-09 21:32:24+00:00
858,891.0,AR,True,2025-08-21 02:11:40+00:00,2025-09-03 02:11:40+00:00
859,75.0,BR,True,2025-08-16 07:39:07+00:00,2025-09-12 07:39:07+00:00
860,,FR,False,2025-05-24 21:57:26+00:00,2025-06-04 21:57:26+00:00
861,571.0,CA,True,2024-12-16 19:27:37+00:00,2024-12-25 19:27:37+00:00
862,845.0,US,True,2025-02-16 12:48:12+00:00,2025-03-06 12:48:12+00:00
863,740.0,IT,True,2025-01-23 11:57:38+00:00,2025-02-15 11:57:38+00:00
864,,PL,False,2024-10-31 13:26:44+00:00,2024-11-20 13:26:44+00:00
865,,DE,True,2025-07-10 05:48:06+00:00,2025-08-03 05:48:06+00:00
866,,DE,True,2025-09-08 00:42:53+00:00,2025-10-01 00:42:53+00:00
867,,IT,False,2025-01-18 10:33:30+00:00,2025-01-20 10:33:30+00:00
868,,CA,True,2024-11-28 03:02:17+00:00,2024-12-09 03:02:17+00:00
869,389.0,MX,True,2025-06-04 09:23:32+00:00,2025-06-09 09:23:32+00:00
870,,FR,True,2025-05-22 02:01:20+00:00,2025-06-15 02:01:20+00:00
871,506.0,US,True,2025-05-06 04:15:22+00:00,2025-05-24 04:15:22+00:00
872,,FR,True,2025-04-12 19:28:51+00:00,2025-05-09 19:28:51+00:00
873,394.0,GB,True,2025-05-21 14:09:20+00:00,2025-05-26 14:09:20+00:00
874,968.0,CA,True,2024-12-03 07:42:27+00:00,2024-12-26 07:42:27+00:00
875,285.0,ES,True,2025-05-27 12:45:37+00:00,2025-06-15 12:45:37+00:00
876,292.0,PL,True,2025-04-10 00:54:27+00:00,2025-04-19 00:54:27+00:00
877,230.0,PT,True,2025-05-08 17:49:37+00:00,2025-05-17 17:49:37+00:00
878,,PT,True,2025-02-22 19:28:42+00:00,2025-03-23 19:28:42+00:00
879,145.0,ES,True,2025-04-08 17:04:48+00:00,2025-04-25 17:04:48+00:00
880,,FR,True,2025-07-21 05:18:06+00:00,2025-08-18 05:18:06+00:00
881,,BR,True,2025-02-02 00:52:25+00:00,2025-02-27 00:52:25+00:00
882,853.0,ES,True,2025-05-02 04:49:26+00:00,2025-05-13 04:49:26+00:00
883,971.0,ES,True,2025-07-10 07:54:06+00:00,2025-08-02 07:54:06+00:00
884,851.0,DE,True,2025-08-15 11:01:12+00:00,2025-09-13 11:01:12+00:00
885,,US,False,2025-04-30 19:57:04+00:00,2025-05-03 19:57:04+00:00
886,,DE,True,2024-12-04 12:11:54+00:00,2024-12-06 12:11:54+00:00
887,,CA,True,2025-08-16 03:46:53+00:00,2025-08-19 03:46:53+00:00
888,,PL,True,2025-08-18 19:34:18+00:00,2025-08-25 19:34:18+00:00
889,161.0,AR,True,2025-03-26 15:50:49+00:00,2025-04-03 15:50:49+00:00
890,526.0,DE,True,2025-04-14 15:51:40+00:00,2025-04-16 15:51:40+00:00
891,914.0,AR,True,2025-04-06 07:36:36+00:00,2025-04-19 07:36:36+00:00
892,,US,True,2025-01-25 21:49:23+00:00,2025-02-04 21:49:23+00:00
893,,ES,True,2024-09-19 02:36:14+00:00,2024-10-17 02:36:14+00:00
894,650.0,MX,True,2025-08-06 11:15:06+00:00,2025-08-13 11:15:06+00:00
895,894.0,CA,True,2025-01-26 13:48:39+00:00,2025-02-16 13:48:39+00:00
896,156.0,ES,True,2024-10-14 22:40:21+00:00,2024-10-19 22:40:21+00:00
897,135.0,AR,True,2024-10-23 01:39:16+00:00,2024-11-20 01:39:16+00:00
898,,US,False,2025-08-12 14:53:13+00:00,2025-09-04 14:53:13+00:00
899,69.0,ES,True,2024-12-05 11:12:51+00:00,2024-12-24 11:12:51+00:00
900,,ES,True,2024-10-04 11:35:11+00:00,2024-10-26 11:35:11+00:00
901,647.0,PT,True,2025-01-04 13:38:48+00:00,2025-01-24 13:38:48+00:00
902,673.0,PL,True,2025-07-04 10:46:44+00:00,2025-08-01 10:46:44+00:00
903,,PT,False,2024-10-25 09:56:38+00:00,2024-11-15 09:56:38+00:00
904,646.0,DE,True,2025-05-04 22:42:21+00:00,2025-05-15 22:42:21+00:00
905,99.0,FR,True,2025-09-08 22:49:55+00:00,2025-10-08 22:49:55+00:00
906,458.0,PT,True,2025-07-10 18:53:50+00:00,2025-07-31 18:53:50+00:00
907,476.0,GB,True,2025-03-09 14:56:02+00:00,2025-03-30 14:56:02+00:00
908,408.0,US,True,2025-08-29 10:32:30+00:00,2025-09-22 10:32:30+00:00
909,,DE,False,2025-08-30 14:08:35+00:00,2025-09-18 14:08:35+00:00
910,30.0,GB,True,2025-02-24 06:05:22+00:00,2025-03-12 06:05:22+00:00
911,,ES,True,2025-03-10 00:39:31+00:00,2025-03-11 00:39:31+00:00
912,,FR,True,2024-10-27 07:13:35+00:00,2024-11-06 07:13:35+00:00
913,453.0,GB,True,2024-11-13 15:58:09+00:00,2024-11-21 15:58:09+00:00
914,746.0,BR,True,2025-06-20 09:37:41+00:00,2025-07-10 09:37:41+00:00
915,420.0,BR,True,2025-02-16 09:19:41+00:00,2025-03-16 09:19:41+00:00
916,799.0,CA,True,2025-04-25 23:42:47+00:00,2025-05-25 23:42:47+00:00
917,133.0,IT,True,2025-04-03 10:28:32+00:00,2025-04-03 10:28:32+00:00
918,389.0,AR,True,2025-02-19 03:50:37+00:00,2025-03-13 03:50:37+00:00
919,,PL,True,2024-11-21 13:15:23+00:00,2024-12-08 13:15:23+00:00
920,532.0,US,True,2025-01-26 22:33:58+00:00,2025-02-12 22:33:58+00:00
921,,ES,True,2025-07-11 06:12:52+00:00,2025-07-23 06:12:52+00:00
922,821.0,AR,True,2024-09-27 09:55:40+00:00,2024-10-08 09:55:40+00:00
923,567.0,PL,True,2025-02-21 12:23:09+00:00,2025-03-23 12:23:09+00:00
924,21.0,BR,True,2025-06-17 00:42:03+00:00,2025-07-03 00:42:03+00:00
925,811.0,US,True,2025-03-28 14:03:17+00:00,2025-04-02 14:03:17+00:00
926,236.0,PT,True,2025-05-29 03:34:20+00:00,2025-06-20 03:34:20+00:00
927,768.0,ES,True,2025-04-29 18:40:48+00:00,2025-05-24 18:40:48+00:00
928,135.0,GB,True,2025-08-24 21:26:40+00:00,2025-09-21 21:26:40+00:00
929,,PT,True,2025-01-25 18:01:54+00:00,2025-02-10 18:01:54+00:00
930,,AR,True,2025-03-24 19:10:19+00:00,2025-03-24 19:10:19+00:00
931,,BR,True,2025-03-01 09:24:19+00:00,2025-03-30 09:24:19+00:00
932,603.0,CA,True,2025-06-15 17:17:14+00:00,2025-06-21 17:17:14+00:00
933,,IT,True,2025-02-10 07:49:38+00:00,2025-02-23 07:49:38+00:00
934,,FR,True,2024-12-25 09:58:43+00:00,2025-01-08 09:58:43+00:00
935,993.0,ES,True,2025-07-17 10:37:11+00:00,2025-08-01 10:37:11+00:00
936,96.0,GB,True,2025-02-02 08:02:47+00:00,2025-02-15 08:02:47+00:00
937,292.0,FR,True,2025-04-10 14:26:13+00:00,2025-04-27 14:26:13+00:00
938,18.0,FR,True,2025-01-27 21:31:31+00:00,2025-02-19 21:31:31+00:00
939,,GB,True,2024-12-15 04:52:14+00:00,2025-01-06 04:52:14+00:00
940,592.0,US,True,2025-05-20 03:20:50+00:00,2025-06-01 03:20:50+00:00
941,489.0,ES,True,2025-08-12 23:06:25+00:00,2025-09-01 23:06:25+00:00
942,830.0,PT,True,2025-04-13 08:58:48+00:00,2025-04-15 08:58:48+00:00
943,213.0,US,True,2024-11-24 00:30:40+00:00,2024-12-09 00:30:40+00:00
944,145.0,IT,True,2025-08-27 19:58:33+00:00,2025-09-22 19:58:33+00:00
945,860.0,DE,True,2025-02-14 02:36:23+00:00,2025-02-21 02:36:23+00:00
946,,BR,True,2025-04-18 21:28:56+00:00,2025-04-27 21:28:56+00:00
947,155.0,AR,True,2024-11-13 07:37:22+00:00,2024-12-05 07:37:22+00:00
948,893.0,IT,True,2025-04-18 02:01:23+00:00,2025-05-10 02:01:23+00:00
949,,ES,True,2025-08-02 23:06:08+00:00,2025-08-19 23:06:08+00:00
950,668.0,DE,True,2024-12-09 08:07:53+00:00,2024-12-23 08:07:53+00:00
951,569.0,AR,True,2025-06-26 08:14:19+00:00,2025-07-19 08:14:19+00:00
952,,US,True,2025-02-09 21:21:54+00:00,2025-02-11 21:21:54+00:00
953,14.0,GB,True,2025-02-13 13:20:39+00:00,2025-03-08 13:20:39+00:00
954,449.0,US,True,2025-08-07 08:02:20+00:00,2025-08-10 08:02:20+00:00
955,,BR,True,2025-03-16 04:25:07+00:00,2025-04-05 04:25:07+00:00
956,767.0,FR,True,2025-03-29 00:47:05+00:00,2025-04-11 00:47:05+00:00
957,121.0,GB,True,2025-07-03 18:32:35+00:00,2025-07-12 18:32:35+00:00
958,,AR,True,2025-06-15 17:09:12+00:00,2025-07-01 17:09:12+00:00
959,381.0,PL,True,2025-09-02 03:25:38+00:00,2025-09-07 03:25:38+00:00
960,702.0,CA,True,2024-10-23 23:55:39+00:00,2024-11-11 23:55:39+00:00
961,620.0,AR,True,2025-08-19 09:17:44+00:00,2025-09-02 09:17:44+00:00
962,,ES,False,2024-12-06 22:54:28+00:00,2024-12-29 22:54:28+00:00
963,733.0,CA,True,2024-12-27 02:03:57+00:00,2024-12-27 02:03:57+00:00
964,154.0,PL,True,2025-05-03 18:27:07+00:00,2025-05-03 18:27:07+00:00
965,,PT,True,2025-04-23 04:59:07+00:00,2025-04-26 04:59:07+00:00
966,97.0,FR,True,2024-12-25 12:35:52+00:00,2025-01-08 12:35:52+00:00
967,359.0,IT,True,2025-08-02 23:47:42+00:00,2025-08-30 23:47:42+00:00
968,15.0,ES,True,2025-04-23 05:07:30+00:00,2025-05-01 05:07:30+00:00
969,,PT,False,2024-09-26 13:49:30+00:00,2024-10-14 13:49:30+00:00
970,640.0,AR,True,2025-01-02 21:55:24+00:00,2025-01-31 21:55:24+00:00
971,657.0,PT,True,2025-05-20 22:00:10+00:00,2025-05-22 22:00:10+00:00
972,749.0,IT,True,2025-07-24 13:56:14+00:00,2025-07-29 13:56:14+00:00
973,130.0,PT,True,2024-10-27 13:32:18+00:00,2024-11-14 13:32:18+00:00
974,,MX,True,2024-10-23 19:22:51+00:00,2024-11-16 19:22:51+00:00
975,990.0,IT,True,2024-12-10 18:50:34+00:00,2025-01-06 18:50:34+00:00
976,485.0,IT,True,2025-03-29 03:09:20+00:00,2025-03-29 03:09:20+00:00
977,,ES,True,2025-05-07 10:39:28+00:00,2025-06-01 10:39:28+00:00
978,169.0,IT,True,2024-12-02 04:55:09+00:00,2024-12-02 04:55:09+00:00
979,994.0,PL,True,2025-01-24 21:14:02+00:00,2025-02-09 21:14:02+00:00
980,484.0,DE,True,2024-10-22 14:50:53+00:00,2024-11-07 14:50:53+00:00
981,403.0,US,True,2025-03-31 21:42:33+00:00,2025-04-12 21:42:33+00:00
982,320.0,AR,True,2024-11-25 23:49:33+00:00,2024-12-05 23:49:33+00:00
983,620.0,FR,True,2025-04-04 15:16:56+00:00,2025-05-04 15:16:56+00:00
984,,CA,True,2025-01-18 03:27:43+00:00,2025-02-09 03:27:43+00:00
985,,CA,True,2025-01-12 06:00:48+00:00,2025-01-27 06:00:48+00:00
986,,AR,True,2025-06-22 08:03:27+00:00,2025-07-09 08:03:27+00:00
987,183.0,GB,True,2024-10-27 07:12:46+00:00,2024-11-07 07:12:46+00:00
988,,DE,True,2024-12-03 15:57:37+00:00,2024-12-16 15:57:37+00:00
989,898.0,ES,True,2025-08-25 20:41:12+00:00,2025-09-24 20:41:12+00:00
990,184.0,ES,True,2025-08-27 20:57:33+00:00,2025-08-27 20:57:33+00:00
991,539.0,ES,True,2025-01-01 04:21:30+00:00,2025-01-19 04:21:30+00:00
992,933.0,PT,True,2024-10-15 10:17:38+00:00,2024-10-23 10:17:38+00:00
993,,FR,True,2025-08-04 07:00:37+00:00,2025-08-05 07:00:37+00:00
994,491.0,MX,True,2025-07-26 22:50:20+00:00,2025-08-17 22:50:20+00:00
995,641.0,AR,True,2025-05-07 13:30:14+00:00,2025-05-25 13:30:14+00:00
996,,BR,False,2024-12-17 10:08:58+00:00,2025-01-05 10:08:58+00:00
997,178.0,MX,True,2025-03-18 11:17:12+00:00,2025-04-14 11:17:12+00:00
998,,MX,True,2024-10-11 07:28:23+00:00,2024-10-12 07:28:23+00:00
999,916.0,PL,True,2025-02-03 09:40:23+00:00,2025-02-25 09:40:23+00:00
1000,872.0,AR,True,2025-03-10 19:35:41+00:00,2025-03-23 19:35:41+00:00
