id,timestamp,player_id,type,amount
7,2024-04-16 19:27:32+00:00,3,Withdraw,291.94
8,2024-09-05 07:53:23+00:00,7,Withdraw,612.24
9,2024-10-13 00:24:33+00:00,8,Withdraw,140.35
10,2025-05-05 00:57:23+00:00,350,Deposit,835.72
11,2025-07-20 03:10:36+00:00,429,Withdraw,128.23
12,2025-08-03 02:42:22+00:00,520,Withdraw,448.94
13,2025-07-01 09:09:55+00:00,759,Withdraw,713.48
14,2025-05-01 23:26:06+00:00,245,Deposit,321.09
15,2025-05-25 10:36:03+00:00,662,Withdraw,859.31
16,2025-05-09 07:23:33+00:00,942,Withdraw,284.7
17,2025-03-12 04:47:58+00:00,952,Withdraw,854.05
18,2024-12-03 01:38:14+00:00,325,Deposit,658.55
19,2025-09-04 10:19:29+00:00,138,Deposit,740.08
20,2025-05-28 02:35:25+00:00,181,Withdraw,339.34
21,2025-07-10 19:00:42+00:00,62,Deposit,675.27
22,2025-06-26 14:33:08+00:00,628,Deposit,900.67
23,2025-03-15 10:44:09+00:00,34,Deposit,898.76
24,2024-12-31 21:43:19+00:00,89,Deposit,177.52
25,2024-12-05 17:43:18+00:00,649,Withdraw,986.41
26,2025-02-09 18:49:06+00:00,863,Deposit,724.91
27,2025-09-10 10:32:48+00:00,482,Deposit,372.59
28,2025-08-10 02:36:56+00:00,923,Withdraw,24.03
29,2025-07-10 02:51:40+00:00,308,Deposit,667.85
30,2025-02-08 07:08:10+00:00,979,Deposit,422.21
31,2025-03-19 17:35:45+00:00,801,Deposit,671.05
32,2025-05-08 22:41:22+00:00,367,Deposit,70.87
33,2025-09-16 07:14:08+00:00,458,Deposit,201.01
34,2025-07-24 20:35:40+00:00,518,Deposit,763.68
35,2025-03-05 16:26:06+00:00,28,Deposit,156.04
36,2025-01-04 01:36:51+00:00,243,Deposit,273.97
37,2025-04-02 04:01:22+00:00,497,Deposit,180.86
38,2024-11-13 22:18:17+00:00,29,Deposit,54.06
39,2025-08-11 18:06:50+00:00,917,Deposit,612.44
40,2025-08-11 13:21:08+00:00,558,Deposit,691.83
41,2025-02-18 00:25:12+00:00,851,Withdraw,415.16
42,2025-09-07 21:18:51+00:00,275,Withdraw,638.95
43,2025-08-07 00:24:54+00:00,604,Withdraw,843.7
44,2025-07-26 14:43:01+00:00,568,Deposit,941.68
45,2025-06-04 17:39:44+00:00,780,Deposit,318.05
46,2025-03-24 20:01:56+00:00,361,Withdraw,564.95
47,2025-09-12 06:31:02+00:00,293,Deposit,126.54
48,2025-09-15 02:28:38+00:00,520,Deposit,471.59
49,2025-08-16 02:56:18+00:00,676,Deposit,837.74
50,2025-07-16 00:41:26+00:00,738,Withdraw,95.23
51,2025-08-20 23:34:59+00:00,23,Withdraw,930.97
52,2025-06-21 05:06:54+00:00,180,Deposit,97.28
53,2025-09-17 19:12:54+00:00,40,Withdraw,918.83
54,2025-05-20 04:35:53+00:00,922,Deposit,190.68
55,2025-03-12 13:33:26+00:00,907,Deposit,95.55
56,2025-08-19 16:27:27+00:00,198,Withdraw,324.33
57,2025-06-28 02:09:15+00:00,302,Deposit,630.36
58,2025-05-14 04:28:58+00:00,683,Withdraw,29.91
59,2025-09-07 12:39:36+00:00,801,Deposit,177.64
60,2025-06-06 01:26:23+00:00,749,Deposit,20.33
61,2025-07-17 23:17:14+00:00,907,Withdraw,641.57
62,2025-04-24 05:09:06+00:00,975,Withdraw,465.75
63,2025-04-16 17:59:15+00:00,942,Deposit,878.43
64,2025-07-25 23:21:26+00:00,691,Withdraw,943.8
65,2025-05-12 01:47:54+00:00,525,Withdraw,314.7
66,2025-02-05 04:52:44+00:00,824,Deposit,684.08
67,2025-06-19 20:00:13+00:00,966,Withdraw,943.23
68,2025-02-26 10:03:57+00:00,70,Deposit,865.94
69,2025-06-25 10:04:37+00:00,502,Withdraw,749.93
70,2025-08-31 07:55:19+00:00,941,Deposit,740.73
71,2025-08-12 11:06:17+00:00,993,Withdraw,317.38
72,2024-12-28 14:12:01+00:00,833,Withdraw,385.52
73,2025-07-10 14:25:19+00:00,923,Deposit,294.21
74,2025-09-05 07:37:42+00:00,954,Withdraw,286.17
75,2025-08-27 11:06:44+00:00,545,Deposit,569.39
76,2025-05-21 23:46:27+00:00,540,Deposit,419.84
77,2025-07-03 21:09:10+00:00,879,Withdraw,836.92
78,2024-12-16 08:44:19+00:00,145,Withdraw,280.07
79,2025-09-07 17:41:24+00:00,46,Withdraw,207.23
80,2025-04-02 10:50:19+00:00,350,Deposit,979.49
81,2025-08-31 13:52:34+00:00,73,Withdraw,266.76
82,2025-02-10 21:18:17+00:00,136,Deposit,445.2
83,2025-07-26 05:56:57+00:00,925,Deposit,101.49
84,2025-09-14 06:47:54+00:00,110,Deposit,361.6
85,2025-08-14 08:58:56+00:00,457,Withdraw,369.98
86,2025-05-20 00:19:00+00:00,907,Withdraw,774.65
87,2025-07-19 04:17:42+00:00,8,Deposit,527.81
88,2025-06-04 12:57:20+00:00,381,Withdraw,831.21
89,2025-08-16 22:21:55+00:00,83,Withdraw,690.17
90,2024-12-11 18:38:10+00:00,100,Deposit,178.77
91,2025-03-23 21:38:26+00:00,418,Deposit,950.17
92,2025-05-30 22:38:47+00:00,789,Withdraw,589.37
93,2025-03-15 01:17:55+00:00,910,Deposit,164.15
94,2025-04-27 19:17:25+00:00,636,Deposit,573.02
95,2025-04-07 04:42:18+00:00,667,Deposit,993.82
96,2025-05-11 13:04:42+00:00,841,Deposit,439.51
97,2025-06-03 09:29:20+00:00,799,Withdraw,649.55
98,2025-06-06 15:26:17+00:00,719,Withdraw,685.2
99,2025-07-02 09:01:06+00:00,566,Deposit,295.8
100,2025-07-11 07:40:14+00:00,298,Deposit,348.76
101,2025-02-19 20:20:26+00:00,7,Withdraw,968.81
102,2025-01-15 07:47:18+00:00,963,Withdraw,556.1
103,2025-07-15 03:35:44+00:00,394,Deposit,745.7
104,2025-02-12 19:09:26+00:00,795,Withdraw,276.26
105,2025-09-16 15:01:16+00:00,204,Withdraw,518.14
106,2025-08-27 00:04:28+00:00,752,Deposit,218.61
107,2025-09-15 09:05:38+00:00,228,Withdraw,226.07
108,2025-09-11 00:06:08+00:00,493,Deposit,268.24
109,2025-09-10 16:37:47+00:00,451,Deposit,922.7
110,2025-07-25 21:06:39+00:00,283,Deposit,521.86
111,2025-06-20 12:42:49+00:00,564,Withdraw,634.8
112,2025-08-03 12:46:41+00:00,539,Deposit,480.46
113,2025-04-30 16:46:46+00:00,73,Withdraw,472.57
114,2025-09-06 14:16:33+00:00,742,Withdraw,329.76
115,2025-07-19 00:03:26+00:00,869,Withdraw,568.13
116,2025-09-08 14:37:48+00:00,121,Deposit,661.72
117,2025-08-13 02:03:22+00:00,132,Deposit,902.26
118,2025-09-08 19:13:32+00:00,866,Withdraw,329.15
119,2025-08-29 10:54:52+00:00,870,Withdraw,113.57
120,2025-07-09 10:48:40+00:00,474,Deposit,365.3
121,2025-06-14 16:02:38+00:00,585,Deposit,902.01
122,2025-08-14 19:14:32+00:00,61,Deposit,167.16
123,2025-09-13 08:38:53+00:00,195,Withdraw,480.74
124,2025-07-12 20:42:01+00:00,740,Deposit,343.31
125,2025-04-22 07:03:08+00:00,437,Withdraw,903.95
126,2025-05-30 03:14:19+00:00,621,Withdraw,195.24
127,2025-07-07 00:00:39+00:00,918,Deposit,364.42
128,2025-03-12 03:39:02+00:00,309,Deposit,171.12
129,2025-08-30 01:08:29+00:00,435,Deposit,551.31
130,2025-07-11 02:11:37+00:00,456,Deposit,754.52
131,2025-09-13 18:53:20+00:00,529,Deposit,444.62
132,2025-08-12 06:12:24+00:00,907,Deposit,620.45
133,2025-06-07 15:52:08+00:00,100,Withdraw,597.64
134,2025-08-21 06:20:20+00:00,976,Deposit,697.55
135,2025-06-13 07:27:06+00:00,425,Withdraw,733.65
136,2025-07-18 01:37:33+00:00,71,Deposit,478.84
137,2025-07-27 05:48:13+00:00,812,Deposit,251.15
138,2025-06-16 18:51:12+00:00,601,Deposit,726.14
139,2025-04-16 21:54:13+00:00,805,Deposit,604.93
140,2025-08-06 18:05:40+00:00,976,Deposit,487.73
141,2025-09-16 00:14:14+00:00,994,Deposit,407.14
142,2025-08-23 10:55:26+00:00,317,Deposit,49.73
143,2025-08-07 14:06:08+00:00,994,Withdraw,929.7
144,2025-09-11 16:21:02+00:00,372,Withdraw,241.96
145,2025-09-17 02:34:17+00:00,143,Deposit,935.41
146,2025-08-22 17:20:56+00:00,123,Deposit,927.62
147,2025-09-16 01:15:50+00:00,339,Withdraw,116.78
148,2025-04-05 21:58:18+00:00,90,Deposit,431.64
149,2025-07-14 00:09:06+00:00,221,Withdraw,276.67
150,2025-06-26 23:58:17+00:00,454,Deposit,581.71
151,2025-01-22 12:28:33+00:00,525,Deposit,597.15
152,2025-07-12 10:11:32+00:00,713,Deposit,172.39
153,2025-02-02 07:24:36+00:00,716,Withdraw,174.72
154,2025-07-11 03:27:42+00:00,747,Deposit,307.58
155,2025-05-28 17:11:10+00:00,190,Deposit,600.88
156,2025-05-05 15:27:31+00:00,802,Deposit,700.66
157,2025-09-04 12:07:12+00:00,487,Deposit,528.84
158,2025-09-07 02:16:53+00:00,24,Deposit,951.98
159,2024-12-22 07:59:40+00:00,145,Withdraw,572.31
160,2025-01-08 22:19:33+00:00,661,Withdraw,148.15
161,2025-07-23 06:37:03+00:00,873,Withdraw,666.77
162,2025-08-19 15:01:21+00:00,597,Deposit,790.68
163,2025-06-16 13:55:46+00:00,697,Withdraw,63.26
164,2025-09-11 10:22:54+00:00,212,Withdraw,99.49
165,2025-09-10 09:36:38+00:00,122,Deposit,794.93
166,2025-03-20 02:17:46+00:00,597,Withdraw,150.05
167,2025-07-13 18:34:27+00:00,131,Deposit,352.64
168,2025-02-18 17:29:08+00:00,370,Deposit,402.03
169,2025-08-23 13:04:06+00:00,260,Deposit,465.98
170,2025-07-27 02:26:48+00:00,333,Withdraw,662.02
171,2025-07-26 22:34:06+00:00,332,Deposit,208.4
172,2025-09-15 22:06:22+00:00,523,Withdraw,180.35
173,2025-09-07 04:25:29+00:00,854,Deposit,314.45
174,2024-12-12 23:41:28+00:00,868,Deposit,192.75
175,2024-11-29 08:11:52+00:00,196,Deposit,859.18
176,2025-05-29 16:30:54+00:00,760,Withdraw,442.18
177,2025-03-29 17:13:43+00:00,513,Deposit,726.89
178,2025-09-12 02:56:37+00:00,222,Deposit,162.6
179,2025-09-14 17:27:01+00:00,687,Deposit,559.79
180,2025-03-09 09:42:04+00:00,292,Deposit,777.85
181,2025-09-02 09:11:20+00:00,232,Deposit,14.9
182,2025-07-26 07:54:23+00:00,848,Withdraw,167.74
183,2025-07-09 13:37:04+00:00,803,Deposit,108.91
184,2025-08-25 11:20:07+00:00,398,Deposit,554.33
185,2025-09-02 14:58:00+00:00,88,Deposit,400.11
186,2025-02-18 13:01:24+00:00,171,Withdraw,220.37
187,2025-08-12 10:10:41+00:00,353,Deposit,477.58
188,2025-08-05 07:24:40+00:00,799,Withdraw,382.53
189,2025-07-17 23:38:27+00:00,170,Deposit,468.85
190,2025-08-15 20:52:42+00:00,500,Withdraw,250.31
191,2025-01-21 23:42:13+00:00,584,Deposit,917.78
192,2025-08-19 08:53:29+00:00,675,Deposit,393.7
193,2024-12-19 05:19:57+00:00,351,Withdraw,325.17
194,2025-07-12 22:42:01+00:00,146,Deposit,935.91
195,2025-05-11 19:19:57+00:00,117,Deposit,405.88
196,2025-09-16 01:50:20+00:00,148,Withdraw,333.84
197,2025-07-24 13:50:50+00:00,335,Withdraw,290.36
198,2025-09-05 08:28:08+00:00,891,Deposit,678.0
199,2025-04-11 23:53:07+00:00,337,Withdraw,873.96
200,2025-05-02 02:58:24+00:00,109,Withdraw,600.97
201,2025-08-13 02:26:28+00:00,484,Deposit,538.77
202,2025-08-07 02:22:31+00:00,53,Deposit,353.4
203,2025-07-10 00:58:01+00:00,407,Deposit,673.18
204,2025-08-13 10:23:50+00:00,574,Withdraw,970.52
205,2025-01-23 02:20:44+00:00,99,Withdraw,36.63
206,2025-09-07 05:01:13+00:00,567,Deposit,886.73
207,2025-09-10 19:54:09+00:00,487,Deposit,186.38
208,2025-06-06 04:23:24+00:00,266,Deposit,242.81
209,2025-07-18 23:34:51+00:00,692,Deposit,368.66
210,2025-02-06 18:02:59+00:00,159,Withdraw,506.44
211,2025-09-09 07:22:07+00:00,884,Deposit,11.58
212,2025-05-27 03:29:40+00:00,807,Withdraw,603.18
213,2025-08-02 18:49:46+00:00,387,Deposit,404.2
214,2025-04-30 11:39:13+00:00,644,Withdraw,86.5
215,2024-12-08 09:24:09+00:00,728,Deposit,237.77
216,2025-04-15 23:39:58+00:00,913,Deposit,504.95
217,2025-05-25 18:45:03+00:00,119,Deposit,53.81
218,2025-08-31 13:53:34+00:00,560,Deposit,308.92
219,2025-03-16 07:01:58+00:00,81,Withdraw,101.92
220,2025-06-24 15:56:46+00:00,240,Withdraw,390.23
221,2025-09-13 14:05:21+00:00,698,Deposit,188.08
222,2025-08-28 03:55:46+00:00,590,Withdraw,159.24
223,2025-09-17 20:46:09+00:00,635,Withdraw,317.98
224,2025-04-28 00:34:32+00:00,208,Deposit,678.52
225,2025-04-28 21:48:18+00:00,489,Withdraw,485.85
226,2025-03-24 03:31:15+00:00,136,Withdraw,268.41
227,2025-06-09 19:14:09+00:00,258,Deposit,955.47
228,2025-04-12 21:33:32+00:00,399,Withdraw,187.72
229,2025-08-01 10:38:35+00:00,67,Deposit,404.23
230,2025-04-13 21:34:55+00:00,403,Withdraw,522.18
231,2025-08-27 10:51:54+00:00,238,Withdraw,115.37
232,2025-06-06 20:48:45+00:00,258,Deposit,808.17
233,2025-07-16 18:10:12+00:00,516,Withdraw,352.82
234,2025-09-05 14:03:20+00:00,250,Withdraw,735.34
235,2025-06-21 01:33:20+00:00,493,Deposit,659.31
236,2025-04-07 16:27:07+00:00,451,Deposit,410.43
237,2025-09-08 17:02:20+00:00,706,Deposit,808.85
238,2025-05-24 23:45:41+00:00,647,Withdraw,169.27
239,2025-05-11 13:52:30+00:00,876,Deposit,137.45
240,2025-05-01 21:22:25+00:00,657,Deposit,511.9
241,2025-09-11 14:36:59+00:00,473,Deposit,689.44
242,2025-09-17 08:58:56+00:00,139,Withdraw,21.47
243,2025-08-29 03:11:51+00:00,312,Withdraw,657.28
244,2025-09-07 22:23:54+00:00,131,Withdraw,673.49
245,2025-09-03 20:44:28+00:00,509,Deposit,428.23
246,2025-08-22 14:50:57+00:00,474,Deposit,63.97
247,2025-01-24 17:36:48+00:00,619,Deposit,430.73
248,2025-07-15 09:00:00+00:00,62,Deposit,744.64
249,2025-08-25 09:39:37+00:00,270,Deposit,124.8
250,2025-02-14 07:22:43+00:00,800,Withdraw,809.05
251,2025-07-20 06:24:14+00:00,835,Deposit,909.13
252,2025-09-13 21:12:07+00:00,209,Withdraw,507.04
253,2025-09-17 04:56:32+00:00,279,Deposit,783.19
254,2025-03-04 05:58:38+00:00,897,Withdraw,714.9
255,2025-08-31 02:32:02+00:00,665,Withdraw,845.73
256,2025-01-19 06:23:18+00:00,485,Deposit,972.05
257,2025-09-08 13:19:37+00:00,179,Deposit,120.56
258,2025-06-03 02:55:55+00:00,586,Withdraw,187.05
259,2025-06-03 15:49:15+00:00,8,Withdraw,429.82
260,2025-04-27 07:01:24+00:00,152,Deposit,762.01
261,2025-05-16 21:58:19+00:00,976,Withdraw,871.61
262,2025-02-08 07:21:31+00:00,485,Deposit,89.21
263,2025-08-25 10:32:56+00:00,23,Deposit,16.89
264,2025-07-08 11:14:52+00:00,664,Deposit,948.72
265,2025-08-30 02:27:37+00:00,609,Deposit,710.49
266,2025-09-17 01:47:37+00:00,412,Deposit,265.26
267,2025-07-22 07:30:06+00:00,209,Withdraw,519.75
268,2024-11-26 20:30:57+00:00,663,Deposit,618.37
269,2025-05-31 05:27:41+00:00,92,Withdraw,873.48
270,2025-06-17 16:12:21+00:00,741,Withdraw,440.54
271,2025-09-01 04:43:43+00:00,32,Deposit,470.12
272,2025-09-06 13:11:40+00:00,893,Deposit,49.45
273,2025-07-06 02:53:07+00:00,851,Withdraw,869.22
274,2025-08-24 06:39:47+00:00,834,Withdraw,465.65
275,2025-09-03 19:39:54+00:00,959,Deposit,59.57
276,2025-09-14 13:37:34+00:00,27,Withdraw,603.33
277,2025-09-02 02:20:13+00:00,836,Withdraw,375.6
278,2025-07-10 05:39:35+00:00,133,Withdraw,431.45
279,2025-07-01 22:29:07+00:00,678,Withdraw,678.25
280,2025-02-28 18:42:27+00:00,758,Withdraw,769.17
281,2025-02-26 02:44:44+00:00,71,Deposit,33.3
282,2024-11-19 15:02:23+00:00,672,Deposit,274.56
283,2025-08-30 23:21:37+00:00,686,Withdraw,300.31
284,2025-05-11 13:32:24+00:00,766,Withdraw,422.89
285,2025-07-18 03:53:26+00:00,264,Withdraw,452.3
286,2025-08-19 19:21:44+00:00,21,Deposit,304.71
287,2025-04-06 02:55:05+00:00,686,Withdraw,45.26
288,2025-07-22 19:58:59+00:00,445,Deposit,120.57
289,2025-09-14 12:06:09+00:00,706,Withdraw,734.59
290,2025-07-22 15:12:16+00:00,878,Deposit,535.96
291,2025-09-08 18:04:46+00:00,550,Deposit,402.25
292,2025-09-09 15:16:21+00:00,27,Deposit,183.48
293,2025-03-20 13:29:38+00:00,919,Withdraw,539.64
294,2025-06-03 22:59:27+00:00,418,Deposit,134.79
295,2025-06-26 15:51:44+00:00,786,Deposit,153.2
296,2025-07-16 20:38:43+00:00,883,Deposit,498.52
297,2025-09-13 06:55:58+00:00,221,Deposit,893.79
298,2025-09-07 16:58:55+00:00,319,Deposit,351.93
299,2025-07-29 13:40:33+00:00,361,Withdraw,463.45
300,2025-07-24 23:13:35+00:00,139,Withdraw,621.07
301,2025-07-02 13:38:50+00:00,365,Deposit,919.59
302,2025-09-15 13:26:08+00:00,233,Deposit,904.54
303,2025-09-10 22:23:54+00:00,341,Deposit,932.94
304,2025-08-09 01:24:03+00:00,261,Withdraw,822.28
305,2025-08-28 07:53:21+00:00,896,Withdraw,573.38
306,2025-05-31 17:51:49+00:00,205,Withdraw,50.23
307,2025-07-17 10:37:15+00:00,413,Withdraw,333.32
308,2025-07-24 07:42:02+00:00,562,Deposit,47.9
309,2025-06-08 11:40:44+00:00,856,Deposit,613.26
310,2025-05-25 13:38:40+00:00,659,Deposit,726.57
311,2025-08-10 06:57:44+00:00,203,Deposit,814.35
312,2025-08-02 01:52:53+00:00,593,Deposit,110.11
313,2025-02-24 00:58:37+00:00,835,Deposit,517.51
314,2025-08-28 07:53:50+00:00,272,Deposit,728.15
315,2025-02-14 20:23:22+00:00,361,Deposit,344.4
316,2025-04-06 05:04:12+00:00,837,Deposit,640.37
317,2025-08-22 10:21:26+00:00,310,Deposit,308.97
318,2025-09-12 01:21:55+00:00,65,Withdraw,406.73
319,2025-09-11 10:42:47+00:00,111,Withdraw,192.09
320,2025-08-06 09:23:39+00:00,670,Deposit,749.3
321,2025-09-08 06:48:15+00:00,911,Deposit,724.38
322,2025-07-28 12:42:35+00:00,834,Withdraw,745.26
323,2025-05-24 14:26:08+00:00,423,Deposit,88.49
324,2024-10-11 19:26:39+00:00,66,Deposit,913.22
325,2025-08-18 19:34:38+00:00,427,Withdraw,965.51
326,2025-07-19 12:09:45+00:00,886,Withdraw,795.71
327,2025-07-05 13:00:41+00:00,637,Withdraw,575.19
328,2025-04-26 01:48:46+00:00,731,Deposit,994.97
329,2025-06-21 00:45:44+00:00,932,Deposit,619.43
330,2025-06-25 21:32:54+00:00,423,Withdraw,543.77
331,2025-03-25 21:12:49+00:00,463,Withdraw,795.79
332,2024-11-01 17:18:11+00:00,351,Deposit,697.31
333,2025-07-21 16:08:41+00:00,934,Deposit,58.34
334,2025-08-19 03:47:46+00:00,512,Deposit,577.6
335,2025-07-21 05:04:50+00:00,149,Deposit,223.06
336,2025-08-04 22:56:30+00:00,747,Deposit,936.12
337,2025-08-20 20:52:54+00:00,77,Deposit,282.04
338,2025-08-08 05:14:10+00:00,141,Withdraw,691.97
339,2025-08-04 05:05:52+00:00,31,Deposit,193.86
340,2025-09-11 21:28:00+00:00,664,Withdraw,506.55
341,2025-07-24 13:59:56+00:00,470,Deposit,55.28
342,2025-07-28 13:07:58+00:00,877,Withdraw,404.68
343,2025-09-03 18:07:46+00:00,78,Withdraw,189.45
344,2025-09-11 14:18:25+00:00,480,Withdraw,292.06
345,2025-05-28 17:45:37+00:00,861,Deposit,15.0
346,2025-08-22 13:43:31+00:00,387,Withdraw,215.06
347,2025-08-27 10:17:47+00:00,379,Deposit,784.23
348,2025-08-27 14:16:43+00:00,23,Deposit,660.64
349,2025-06-09 22:09:38+00:00,664,Withdraw,282.02
350,2025-02-04 01:51:45+00:00,661,Deposit,467.82
351,2025-03-28 00:37:47+00:00,102,Deposit,792.36
352,2025-03-20 03:06:48+00:00,70,Withdraw,638.51
353,2025-03-11 16:01:18+00:00,794,Withdraw,106.18
354,2025-04-17 23:59:03+00:00,565,Deposit,232.58
355,2025-06-16 07:38:49+00:00,95,Deposit,711.92
356,2025-08-26 04:11:41+00:00,968,Withdraw,228.85
357,2025-07-06 16:19:00+00:00,286,Withdraw,615.27
358,2024-10-11 21:04:03+00:00,606,Deposit,730.88
359,2025-05-28 10:03:12+00:00,221,Deposit,613.22
360,2025-04-18 07:25:12+00:00,191,Withdraw,466.04
361,2024-12-14 23:47:05+00:00,196,Withdraw,426.56
362,2025-08-17 08:44:25+00:00,545,Deposit,599.28
363,2025-01-24 09:21:57+00:00,762,Deposit,546.04
364,2025-07-16 17:36:02+00:00,870,Deposit,480.85
365,2025-08-13 20:23:41+00:00,21,Withdraw,562.08
366,2025-08-21 01:07:42+00:00,339,Deposit,349.52
367,2025-01-07 11:58:43+00:00,847,Deposit,326.45
368,2025-07-06 15:46:35+00:00,208,Withdraw,824.4
369,2025-06-27 11:13:55+00:00,250,Withdraw,160.26
370,2025-07-02 07:29:34+00:00,432,Deposit,855.81
371,2025-05-20 14:27:34+00:00,985,Withdraw,503.98
372,2025-01-12 06:55:08+00:00,555,Withdraw,536.92
373,2025-08-22 12:46:54+00:00,961,Deposit,178.31
374,2025-08-12 15:39:13+00:00,730,Deposit,396.16
375,2025-09-04 19:39:11+00:00,65,Deposit,408.91
376,2025-09-12 20:54:38+00:00,877,Deposit,664.09
377,2025-08-13 08:21:37+00:00,378,Withdraw,575.6
378,2025-08-22 19:49:34+00:00,547,Deposit,87.82
379,2025-04-22 00:15:52+00:00,465,Deposit,491.67
380,2025-07-26 11:42:50+00:00,283,Withdraw,985.1
381,2025-09-18 04:56:57+00:00,457,Withdraw,92.26
382,2025-06-28 11:22:14+00:00,623,Deposit,750.53
383,2025-09-11 05:43:18+00:00,111,Deposit,534.3
384,2025-06-13 05:01:16+00:00,405,Deposit,310.99
385,2025-03-24 17:13:16+00:00,843,Deposit,753.35
386,2025-07-14 17:05:44+00:00,107,Withdraw,456.98
387,2025-09-09 16:24:10+00:00,323,Withdraw,472.71
388,2025-06-29 01:08:40+00:00,686,Deposit,164.34
389,2025-07-27 16:18:02+00:00,466,Deposit,589.09
390,2024-11-03 03:35:03+00:00,317,Deposit,628.02
391,2025-09-12 20:22:00+00:00,270,Withdraw,569.24
392,2025-09-07 19:54:54+00:00,249,Withdraw,421.24
393,2025-06-16 06:59:58+00:00,917,Withdraw,767.29
394,2025-08-23 10:53:39+00:00,186,Deposit,753.87
395,2025-09-10 00:23:56+00:00,54,Deposit,291.05
396,2025-05-16 17:40:03+00:00,818,Withdraw,746.61
397,2025-02-05 07:48:09+00:00,145,Withdraw,989.78
398,2025-09-07 10:51:22+00:00,148,Withdraw,381.53
399,2025-08-14 21:48:03+00:00,533,Deposit,542.22
400,2025-07-13 16:45:55+00:00,313,Deposit,384.64
401,2025-03-15 09:17:59+00:00,739,Deposit,949.33
402,2025-09-16 17:53:26+00:00,52,Deposit,132.26
403,2025-07-14 07:10:33+00:00,527,Deposit,401.79
404,2025-07-03 00:39:59+00:00,171,Withdraw,219.19
405,2025-05-12 07:12:34+00:00,349,Deposit,119.53
406,2025-09-10 15:36:20+00:00,64,Deposit,296.46
407,2025-09-16 02:01:40+00:00,461,Withdraw,866.24
408,2025-09-14 06:02:36+00:00,866,Withdraw,769.21
409,2025-04-17 13:16:47+00:00,28,Deposit,984.54
410,2025-08-19 22:17:47+00:00,968,Deposit,979.11
411,2025-09-16 12:24:21+00:00,379,Withdraw,554.57
412,2025-07-26 10:59:52+00:00,778,Deposit,358.5
413,2025-06-02 08:56:13+00:00,53,Deposit,225.58
414,2025-08-21 06:53:09+00:00,390,Deposit,901.45
415,2025-07-20 04:41:11+00:00,571,Withdraw,286.09
416,2025-06-07 15:44:52+00:00,43,Deposit,772.79
417,2025-09-13 09:34:09+00:00,341,Deposit,633.97
418,2024-06-22 11:22:12+00:00,3,Withdraw,667.59
419,2025-07-02 15:04:19+00:00,398,Withdraw,689.98
420,2025-08-02 02:09:21+00:00,720,Deposit,636.79
421,2025-06-17 21:45:27+00:00,382,Withdraw,639.85
422,2025-08-15 09:56:36+00:00,316,Deposit,507.28
423,2025-08-24 17:20:05+00:00,72,Withdraw,537.18
424,2025-08-19 05:02:43+00:00,853,Withdraw,232.85
425,2025-09-03 01:17:50+00:00,311,Deposit,409.93
426,2025-08-27 17:33:24+00:00,530,Deposit,759.26
427,2025-06-05 21:40:08+00:00,79,Withdraw,293.42
428,2025-07-18 01:30:34+00:00,633,Deposit,925.3
429,2024-12-24 06:38:01+00:00,833,Withdraw,165.4
430,2025-09-12 22:12:39+00:00,597,Withdraw,874.61
431,2025-06-18 07:45:01+00:00,846,Deposit,406.05
432,2025-03-19 17:29:49+00:00,166,Withdraw,13.3
433,2024-12-03 12:55:01+00:00,2,Deposit,831.57
434,2025-09-12 07:04:04+00:00,74,Withdraw,765.31
435,2025-07-03 18:51:01+00:00,207,Deposit,659.63
436,2025-09-09 18:24:57+00:00,667,Deposit,686.52
437,2025-09-17 17:30:18+00:00,387,Withdraw,107.34
438,2025-08-10 04:42:28+00:00,447,Deposit,584.36
439,2025-09-06 16:30:15+00:00,984,Withdraw,423.92
440,2024-12-26 10:41:13+00:00,304,Deposit,424.09
441,2025-07-24 20:38:06+00:00,633,Deposit,196.99
442,2025-08-02 07:41:31+00:00,683,Withdraw,38.75
443,2025-09-15 06:28:19+00:00,147,Deposit,231.95
444,2025-05-02 07:36:43+00:00,49,Deposit,613.61
445,2025-09-06 05:17:19+00:00,208,Withdraw,508.33
446,2025-08-26 13:09:05+00:00,202,Deposit,89.7
447,2025-06-28 15:59:29+00:00,895,Deposit,574.88
448,2025-06-26 02:00:58+00:00,49,Deposit,414.69
449,2025-06-11 04:56:43+00:00,50,Deposit,32.61
450,2025-09-02 04:13:51+00:00,359,Withdraw,613.71
451,2025-02-15 14:25:16+00:00,943,Deposit,174.79
452,2025-08-02 07:12:43+00:00,482,Withdraw,629.24
453,2025-06-13 17:01:30+00:00,251,Withdraw,687.52
454,2025-05-18 16:10:52+00:00,546,Deposit,952.33
455,2025-04-26 10:44:19+00:00,756,Withdraw,32.49
456,2025-06-27 06:33:18+00:00,157,Withdraw,605.33
457,2025-08-14 15:07:34+00:00,200,Withdraw,791.98
458,2025-03-16 04:20:44+00:00,349,Deposit,395.45
459,2025-01-07 13:33:14+00:00,683,Withdraw,516.22
460,2025-05-17 16:52:05+00:00,189,Withdraw,201.1
461,2025-04-16 04:10:00+00:00,771,Withdraw,914.07
462,2025-08-04 06:24:59+00:00,26,Deposit,463.19
463,2025-08-19 10:21:25+00:00,1000,Deposit,725.83
464,2025-09-16 01:13:11+00:00,209,Deposit,246.92
465,2025-05-08 21:58:18+00:00,621,Withdraw,477.45
466,2025-05-06 04:53:02+00:00,57,Deposit,715.66
467,2025-09-05 13:01:53+00:00,104,Deposit,207.79
468,2025-08-17 11:32:25+00:00,430,Withdraw,141.32
469,2025-04-14 20:43:30+00:00,369,Withdraw,74.16
470,2025-09-14 04:22:20+00:00,636,Deposit,40.58
471,2025-08-25 17:14:30+00:00,832,Deposit,581.83
472,2025-06-21 23:46:03+00:00,409,Deposit,464.6
473,2025-08-24 05:44:34+00:00,144,Withdraw,686.83
474,2025-02-20 01:23:55+00:00,286,Deposit,449.22
475,2025-06-23 11:58:29+00:00,226,Deposit,249.46
476,2025-08-05 14:52:15+00:00,570,Deposit,185.11
477,2025-09-17 14:01:27+00:00,704,Deposit,466.79
478,2025-07-21 21:54:12+00:00,710,Deposit,644.97
479,2025-06-11 18:15:24+00:00,847,Withdraw,805.65
480,2025-09-10 22:46:08+00:00,480,Deposit,839.5
481,2025-01-03 01:40:02+00:00,975,Deposit,873.36
482,2025-09-03 04:56:47+00:00,408,Withdraw,909.79
483,2024-12-13 21:10:53+00:00,383,Deposit,252.41
484,2025-01-01 15:40:48+00:00,413,Withdraw,724.83
485,2025-07-31 07:48:29+00:00,450,Deposit,79.14
486,2025-08-22 05:37:25+00:00,425,Withdraw,751.12
487,2025-03-02 07:34:51+00:00,826,Withdraw,685.2
488,2025-09-03 17:21:07+00:00,368,Withdraw,412.28
489,2025-02-09 12:28:49+00:00,519,Deposit,524.57
490,2025-04-26 01:40:00+00:00,676,Withdraw,475.51
491,2025-08-23 04:28:04+00:00,566,Deposit,391.46
492,2025-07-09 09:36:58+00:00,376,Deposit,785.21
493,2025-06-13 01:13:26+00:00,307,Deposit,958.0
494,2025-07-04 09:43:02+00:00,118,Withdraw,884.52
495,2025-07-03 03:40:32+00:00,564,Withdraw,541.97
496,2025-08-11 07:02:08+00:00,797,Deposit,718.64
497,2025-07-02 17:28:33+00:00,950,Deposit,610.91
498,2025-09-09 23:38:40+00:00,561,Withdraw,989.32
499,2025-07-04 15:22:11+00:00,964,Deposit,717.62
500,2025-07-22 05:01:17+00:00,283,Withdraw,444.14
501,2025-06-20 03:21:03+00:00,489,Withdraw,829.48
502,2025-06-04 15:51:45+00:00,200,Withdraw,69.19
503,2025-09-04 17:55:42+00:00,993,Deposit,813.55
504,2025-07-19 13:52:49+00:00,404,Withdraw,830.02
505,2025-08-07 10:19:30+00:00,856,Withdraw,727.9
506,2025-09-13 03:02:28+00:00,430,Deposit,49.51
507,2025-05-19 12:07:21+00:00,849,Deposit,405.44
508,2025-09-08 18:34:23+00:00,265,Deposit,928.12
509,2025-06-17 01:26:10+00:00,361,Deposit,632.98
510,2025-08-27 21:24:15+00:00,926,Withdraw,445.65
511,2025-09-06 11:56:38+00:00,412,Deposit,789.55
512,2025-09-08 05:12:03+00:00,923,Withdraw,112.59
513,2025-09-01 12:32:14+00:00,954,Deposit,848.6
514,2025-03-15 03:24:55+00:00,354,Withdraw,760.36
515,2025-07-15 23:18:47+00:00,231,Deposit,584.01
516,2025-06-08 12:39:37+00:00,904,Withdraw,793.7
517,2025-08-27 21:51:11+00:00,24,Deposit,724.77
518,2025-09-05 03:02:21+00:00,11,Withdraw,372.8
519,2025-05-22 03:12:57+00:00,966,Deposit,659.97
520,2025-01-24 10:22:37+00:00,572,Deposit,150.53
521,2025-09-11 10:31:14+00:00,711,Withdraw,250.64
522,2025-08-07 17:52:46+00:00,124,Deposit,487.77
523,2025-06-04 05:38:36+00:00,190,Withdraw,271.86
524,2024-06-23 00:17:38+00:00,6,Deposit,336.73
525,2025-01-04 01:44:24+00:00,266,Deposit,696.78
526,2025-09-06 10:47:47+00:00,475,Deposit,463.66
527,2024-11-29 01:39:59+00:00,603,Withdraw,711.99
528,2025-09-09 08:58:21+00:00,27,Deposit,754.98
529,2025-07-01 22:37:29+00:00,554,Deposit,759.41
530,2025-09-17 18:30:15+00:00,321,Deposit,349.02
531,2025-07-28 03:05:54+00:00,308,Withdraw,692.3
532,2025-08-31 07:18:19+00:00,339,Withdraw,337.35
533,2024-11-03 12:55:10+00:00,598,Withdraw,455.87
534,2025-08-24 16:05:09+00:00,584,Withdraw,265.34
535,2025-01-14 20:36:03+00:00,671,Withdraw,282.55
536,2025-01-31 09:39:33+00:00,411,Withdraw,45.39
537,2025-02-14 01:45:11+00:00,992,Deposit,148.62
538,2025-02-28 22:51:24+00:00,181,Deposit,526.56
539,2024-11-01 01:00:21+00:00,415,Deposit,35.68
540,2025-02-08 07:17:09+00:00,264,Deposit,881.37
541,2025-08-17 06:55:33+00:00,324,Deposit,567.9
542,2025-06-11 00:15:44+00:00,549,Deposit,716.67
543,2025-08-11 17:23:17+00:00,754,Deposit,313.6
544,2025-08-31 14:45:12+00:00,773,Deposit,718.68
545,2024-12-14 08:03:50+00:00,425,Deposit,571.96
546,2025-07-03 09:26:15+00:00,366,Deposit,311.69
547,2025-08-27 10:39:25+00:00,272,Withdraw,715.95
548,2025-01-17 05:15:34+00:00,227,Withdraw,676.55
549,2025-09-17 05:03:28+00:00,486,Deposit,162.9
550,2025-08-07 02:12:33+00:00,890,Withdraw,807.15
551,2025-09-11 10:42:46+00:00,293,Deposit,137.27
552,2025-04-10 13:42:00+00:00,692,Deposit,611.37
553,2025-09-03 14:25:28+00:00,378,Withdraw,860.56
554,2025-06-02 23:34:50+00:00,81,Deposit,264.73
555,2025-06-03 20:02:09+00:00,29,Deposit,235.64
556,2025-08-17 10:10:50+00:00,379,Deposit,852.41
557,2025-09-18 04:45:05+00:00,692,Withdraw,587.4
558,2025-09-06 14:28:11+00:00,928,Deposit,156.88
559,2025-04-04 09:24:53+00:00,814,Withdraw,21.95
560,2025-08-25 09:40:50+00:00,443,Withdraw,370.52
561,2025-08-25 09:23:20+00:00,360,Deposit,513.51
562,2025-07-02 12:16:05+00:00,99,Deposit,871.53
563,2025-09-05 23:32:21+00:00,51,Withdraw,521.65
564,2025-09-04 00:06:34+00:00,825,Withdraw,482.2
565,2025-07-31 20:59:47+00:00,285,Deposit,901.0
566,2025-07-14 06:40:12+00:00,594,Deposit,972.68
567,2025-06-19 05:40:33+00:00,620,Deposit,647.41
568,2025-07-26 05:36:43+00:00,154,Withdraw,591.26
569,2025-04-07 17:50:37+00:00,686,Withdraw,506.08
570,2025-05-19 16:07:46+00:00,477,Deposit,528.1
571,2025-09-07 03:22:49+00:00,862,Deposit,384.2
572,2025-08-18 13:51:04+00:00,686,Withdraw,926.82
573,2025-09-15 11:53:47+00:00,147,Deposit,651.89
574,2025-08-12 07:58:30+00:00,820,Deposit,872.07
575,2025-06-29 07:31:28+00:00,376,Deposit,487.23
576,2025-06-05 21:08:07+00:00,875,Withdraw,489.16
577,2024-12-29 17:47:08+00:00,992,Deposit,386.07
578,2025-02-18 02:00:34+00:00,900,Deposit,672.06
579,2025-07-09 10:20:58+00:00,844,Withdraw,74.11
580,2025-08-16 23:51:26+00:00,266,Deposit,232.58
581,2025-04-01 05:12:29+00:00,54,Withdraw,214.36
582,2025-08-19 07:36:09+00:00,998,Deposit,158.59
583,2025-09-04 10:32:16+00:00,736,Deposit,612.55
584,2025-04-16 18:32:40+00:00,665,Deposit,731.47
585,2025-08-31 08:47:36+00:00,576,Deposit,128.4
586,2025-04-11 01:17:43+00:00,746,Withdraw,204.97
587,2025-07-11 19:57:38+00:00,19,Deposit,503.8
588,2025-09-05 15:02:02+00:00,159,Withdraw,573.71
589,2025-04-16 23:18:54+00:00,665,Withdraw,642.25
590,2025-07-18 13:37:38+00:00,221,Deposit,22.08
591,2025-08-01 23:22:09+00:00,86,Withdraw,748.79
592,2025-08-21 18:52:26+00:00,253,Deposit,820.71
593,2025-06-16 05:18:00+00:00,264,Deposit,789.81
594,2025-09-06 13:58:32+00:00,341,Withdraw,899.15
595,2025-05-23 23:45:49+00:00,696,Withdraw,743.96
596,2025-08-12 08:11:43+00:00,542,Withdraw,369.92
597,2025-08-09 23:35:17+00:00,701,Deposit,42.51
598,2025-06-21 04:36:23+00:00,156,Withdraw,630.14
599,2025-02-25 19:58:47+00:00,649,Withdraw,952.51
600,2025-08-13 22:26:59+00:00,487,Deposit,512.34
601,2025-07-05 19:10:02+00:00,58,Withdraw,278.76
602,2025-07-14 20:09:23+00:00,810,Deposit,962.04
603,2025-06-11 02:34:34+00:00,584,Deposit,848.14
604,2025-01-01 07:27:50+00:00,448,Deposit,542.35
605,2025-05-09 20:14:47+00:00,394,Deposit,88.65
606,2024-11-22 09:13:38+00:00,713,Withdraw,799.94
607,2025-09-03 13:40:05+00:00,206,Withdraw,452.17
608,2025-07-22 04:09:35+00:00,951,Withdraw,527.72
609,2025-03-15 12:36:30+00:00,47,Withdraw,252.25
610,2025-05-18 15:40:53+00:00,442,Deposit,799.3
611,2025-04-15 18:19:40+00:00,685,Deposit,190.86
612,2025-05-15 01:15:55+00:00,876,Deposit,936.97
613,2025-07-12 13:27:05+00:00,886,Deposit,858.95
614,2025-09-17 01:02:17+00:00,591,Deposit,236.06
615,2025-05-12 01:14:15+00:00,244,Withdraw,720.21
616,2025-01-02 16:15:09+00:00,112,Deposit,185.66
617,2025-06-13 12:25:49+00:00,310,Withdraw,979.58
618,2025-09-13 17:48:19+00:00,707,Withdraw,273.11
619,2025-08-06 04:24:32+00:00,283,Deposit,284.7
620,2025-09-15 18:19:22+00:00,57,Deposit,745.68
621,2025-08-27 02:22:05+00:00,260,Withdraw,736.0
622,2025-06-03 05:40:30+00:00,275,Withdraw,918.29
623,2025-05-11 20:29:08+00:00,799,Deposit,907.08
624,2025-02-06 16:11:16+00:00,496,Withdraw,141.22
625,2025-05-31 11:35:30+00:00,579,Deposit,309.73
626,2024-12-07 20:42:05+00:00,463,Deposit,215.65
627,2025-08-11 04:56:31+00:00,267,Deposit,251.5
628,2025-09-17 06:22:45+00:00,110,Withdraw,764.06
629,2025-09-16 15:51:09+00:00,858,Withdraw,482.51
630,2025-07-24 00:39:04+00:00,63,Deposit,107.29
631,2025-08-05 09:56:52+00:00,870,Withdraw,882.82
632,2025-08-16 19:02:47+00:00,778,Deposit,60.57
633,2025-05-18 10:48:22+00:00,632,Deposit,792.12
634,2025-03-05 16:20:22+00:00,660,Deposit,82.32
635,2025-07-11 04:38:16+00:00,848,Deposit,483.52
636,2024-12-06 21:14:42+00:00,359,Deposit,447.48
637,2025-07-05 09:21:07+00:00,606,Withdraw,481.28
638,2025-06-30 22:42:43+00:00,437,Deposit,108.88
639,2025-07-19 14:49:39+00:00,232,Withdraw,593.48
640,2025-06-19 15:34:19+00:00,192,Withdraw,602.31
641,2025-04-25 05:55:05+00:00,231,Deposit,306.96
642,2025-06-16 18:34:13+00:00,11,Deposit,19.51
643,2025-02-22 20:26:26+00:00,207,Withdraw,435.46
644,2025-08-14 13:24:18+00:00,18,Deposit,905.94
645,2025-01-19 03:13:14+00:00,229,Deposit,722.78
646,2025-08-16 10:58:35+00:00,232,Deposit,448.22
647,2025-09-01 11:20:30+00:00,523,Deposit,646.2
648,2025-03-26 23:40:50+00:00,442,Withdraw,593.05
649,2025-05-29 15:10:41+00:00,740,Deposit,638.58
650,2024-12-26 11:35:13+00:00,479,Withdraw,757.99
651,2025-08-18 16:11:41+00:00,144,Deposit,992.32
652,2025-08-23 00:17:57+00:00,999,Withdraw,259.23
653,2025-04-20 18:50:39+00:00,89,Withdraw,413.1
654,2025-02-20 13:45:16+00:00,190,Deposit,278.04
655,2025-05-10 04:27:59+00:00,495,Deposit,634.82
656,2025-09-01 07:59:53+00:00,25,Withdraw,335.35
657,2025-09-07 16:37:31+00:00,710,Deposit,488.45
658,2024-12-21 06:38:12+00:00,646,Withdraw,290.92
659,2025-07-19 13:10:34+00:00,787,Deposit,648.83
660,2025-08-15 05:36:00+00:00,758,Withdraw,271.56
661,2025-01-20 23:37:31+00:00,734,Deposit,536.87
662,2025-09-13 23:04:55+00:00,17,Withdraw,347.73
663,2024-12-15 23:37:49+00:00,436,Withdraw,681.06
664,2025-07-20 10:29:16+00:00,814,Deposit,508.03
665,2025-09-17 10:41:02+00:00,955,Deposit,629.66
666,2025-07-25 12:23:15+00:00,843,Deposit,120.36
667,2025-06-09 05:07:05+00:00,169,Withdraw,759.05
668,2025-08-17 03:58:13+00:00,475,Withdraw,190.36
669,2025-02-18 06:48:53+00:00,985,Deposit,16.45
670,2025-08-02 13:34:49+00:00,336,Deposit,894.43
671,2025-09-05 10:40:51+00:00,517,Withdraw,514.45
672,2025-04-29 08:11:12+00:00,207,Deposit,500.83
673,2024-11-27 05:23:52+00:00,546,Deposit,187.01
674,2025-05-02 09:50:07+00:00,911,Deposit,762.83
675,2025-08-24 19:42:41+00:00,894,Withdraw,676.25
676,2025-04-14 16:47:47+00:00,287,Deposit,103.62
677,2025-09-14 01:11:25+00:00,52,Withdraw,863.41
678,2025-07-08 00:49:25+00:00,358,Deposit,349.01
679,2025-04-09 22:47:07+00:00,786,Deposit,690.09
680,2025-08-29 03:53:55+00:00,577,Withdraw,824.33
681,2025-03-30 15:33:01+00:00,10,Withdraw,201.66
682,2025-09-05 18:54:22+00:00,365,Deposit,117.62
683,2025-09-07 17:30:19+00:00,645,Withdraw,239.48
684,2025-07-14 20:49:11+00:00,98,Deposit,314.13
685,2025-06-03 03:40:06+00:00,901,Withdraw,312.33
686,2025-08-11 17:05:55+00:00,279,Withdraw,768.76
687,2025-01-21 11:04:52+00:00,815,Deposit,477.16
688,2025-08-26 21:49:35+00:00,861,Deposit,687.9
689,2025-01-27 12:46:03+00:00,383,Withdraw,928.28
690,2025-07-21 14:27:16+00:00,581,Withdraw,218.19
691,2025-05-23 22:51:41+00:00,968,Deposit,675.17
692,2025-06-23 13:31:26+00:00,766,Withdraw,330.53
693,2025-03-06 12:55:38+00:00,963,Withdraw,199.99
694,2025-02-14 08:57:12+00:00,813,Withdraw,402.28
695,2025-05-05 11:18:51+00:00,580,Withdraw,180.06
696,2025-04-12 22:01:25+00:00,57,Deposit,166.36
697,2025-06-19 06:29:08+00:00,160,Deposit,665.96
698,2025-08-17 22:56:48+00:00,412,Deposit,332.42
699,2025-08-17 10:47:50+00:00,426,Deposit,521.3
700,2025-06-14 15:02:43+00:00,940,Deposit,479.04
701,2024-09-29 10:35:12+00:00,605,Deposit,599.28
702,2025-06-03 16:43:29+00:00,149,Deposit,422.74
703,2025-09-11 18:49:02+00:00,176,Withdraw,729.2
704,2025-04-23 20:12:19+00:00,843,Deposit,236.44
705,2025-09-06 03:25:23+00:00,23,Withdraw,270.23
706,2025-08-31 19:06:09+00:00,760,Deposit,934.99
707,2025-08-07 19:46:32+00:00,619,Deposit,836.09
708,2025-09-10 20:59:48+00:00,916,Withdraw,377.08
709,2025-07-24 21:19:10+00:00,190,Deposit,313.17
710,2025-01-08 18:34:10+00:00,459,Deposit,729.44
711,2025-01-10 18:03:28+00:00,394,Withdraw,830.94
712,2025-07-15 22:04:19+00:00,702,Withdraw,322.19
713,2025-05-24 05:52:43+00:00,930,Withdraw,314.94
714,2025-08-16 12:38:34+00:00,379,Withdraw,567.65
715,2025-02-28 18:28:08+00:00,746,Withdraw,765.07
716,2025-03-29 15:12:04+00:00,976,Withdraw,15.62
717,2025-07-24 06:50:33+00:00,258,Withdraw,940.59
718,2025-02-08 12:37:32+00:00,543,Withdraw,64.75
719,2025-06-14 03:51:23+00:00,307,Withdraw,414.7
720,2025-07-01 15:09:25+00:00,933,Withdraw,649.33
721,2025-07-24 17:39:13+00:00,404,Withdraw,148.53
722,2025-09-14 13:38:24+00:00,139,Withdraw,462.32
723,2025-09-02 04:22:32+00:00,685,Withdraw,281.47
724,2024-10-15 17:46:39+00:00,4,Deposit,820.35
725,2025-06-29 07:12:36+00:00,679,Deposit,210.19
726,2025-06-23 22:40:28+00:00,363,Withdraw,665.43
727,2025-09-07 01:54:32+00:00,148,Deposit,263.37
728,2025-08-05 19:21:44+00:00,164,Deposit,834.23
729,2025-08-24 08:18:09+00:00,625,Withdraw,33.44
730,2025-05-31 05:00:00+00:00,997,Withdraw,433.22
731,2025-06-27 17:39:41+00:00,755,Withdraw,388.58
732,2025-05-06 19:39:56+00:00,999,Deposit,562.49
733,2025-01-11 06:31:49+00:00,125,Withdraw,741.63
734,2025-09-07 20:14:35+00:00,538,Withdraw,799.5
735,2025-05-27 20:24:36+00:00,498,Deposit,621.38
736,2025-07-09 06:02:00+00:00,108,Deposit,445.7
737,2025-09-09 04:42:36+00:00,122,Deposit,281.22
738,2025-06-23 22:22:45+00:00,98,Withdraw,83.68
739,2025-07-04 07:41:57+00:00,636,Deposit,168.81
740,2025-01-28 14:21:10+00:00,94,Withdraw,725.62
741,2025-08-27 08:50:19+00:00,413,Deposit,942.08
742,2025-07-22 01:10:36+00:00,693,Withdraw,597.01
743,2025-08-27 18:02:35+00:00,285,Withdraw,952.52
744,2025-05-23 17:04:05+00:00,472,Withdraw,947.24
745,2025-03-10 23:33:17+00:00,676,Deposit,783.42
746,2025-09-02 05:43:54+00:00,625,Deposit,396.16
747,2025-07-03 22:14:48+00:00,347,Withdraw,960.13
748,2024-10-28 18:08:18+00:00,417,Deposit,709.42
749,2025-09-04 21:08:01+00:00,371,Withdraw,257.35
750,2025-09-12 21:47:40+00:00,711,Deposit,987.06
751,2025-09-17 18:14:33+00:00,194,Deposit,590.25
752,2025-03-19 00:06:49+00:00,47,Deposit,68.72
753,2025-03-29 19:48:05+00:00,943,Deposit,65.55
754,2025-05-27 18:45:07+00:00,948,Deposit,349.27
755,2025-04-23 15:47:45+00:00,783,Withdraw,542.52
756,2025-09-09 15:46:55+00:00,409,Withdraw,443.74
757,2024-04-12 18:06:30+00:00,1,Deposit,291.39
758,2025-06-16 18:19:33+00:00,31,Deposit,477.12
759,2025-08-06 14:10:23+00:00,907,Deposit,882.04
760,2025-01-24 20:36:18+00:00,1,Deposit,83.25
761,2025-07-31 14:02:22+00:00,851,Deposit,977.41
762,2025-02-18 18:38:44+00:00,535,Deposit,735.12
763,2025-01-20 00:56:32+00:00,799,Deposit,826.07
764,2025-08-02 19:28:21+00:00,787,Withdraw,875.21
765,2025-02-05 11:51:38+00:00,166,Withdraw,593.91
766,2025-06-24 11:08:45+00:00,85,Deposit,578.35
767,2025-06-15 20:49:26+00:00,833,Deposit,566.22
768,2024-10-16 20:20:47+00:00,297,Deposit,443.88
769,2025-08-23 12:45:49+00:00,507,Deposit,334.56
770,2025-08-13 07:02:08+00:00,346,Withdraw,551.12
771,2025-07-01 04:08:44+00:00,803,Deposit,664.08
772,2025-07-05 06:39:41+00:00,666,Withdraw,561.11
773,2025-04-27 15:01:59+00:00,405,Deposit,819.14
774,2025-09-15 14:00:15+00:00,74,Deposit,692.67
775,2025-01-13 15:54:02+00:00,152,Withdraw,149.06
776,2025-05-12 17:39:21+00:00,696,Withdraw,772.21
777,2025-09-15 20:21:41+00:00,695,Deposit,872.02
778,2025-03-05 14:29:44+00:00,489,Withdraw,702.26
779,2025-05-13 05:09:17+00:00,70,Deposit,741.67
780,2025-09-08 15:26:07+00:00,103,Deposit,957.63
781,2025-03-16 17:52:11+00:00,801,Withdraw,367.62
782,2025-03-12 22:18:16+00:00,749,Withdraw,774.98
783,2025-09-09 01:20:02+00:00,958,Withdraw,749.8
784,2025-06-18 14:43:29+00:00,753,Deposit,222.66
785,2024-12-21 17:12:44+00:00,169,Withdraw,328.05
786,2025-07-22 05:51:40+00:00,515,Withdraw,235.41
787,2025-08-31 01:44:14+00:00,806,Deposit,368.58
788,2025-07-24 01:26:28+00:00,515,Deposit,207.0
789,2025-03-06 03:52:45+00:00,448,Withdraw,971.72
790,2025-08-28 13:04:43+00:00,842,Withdraw,266.44
791,2025-04-24 04:38:03+00:00,329,Withdraw,607.58
792,2025-06-24 13:54:48+00:00,369,Deposit,933.35
793,2025-04-04 13:14:00+00:00,953,Deposit,148.87
794,2025-07-05 01:04:26+00:00,737,Withdraw,645.82
795,2025-09-10 14:36:15+00:00,511,Deposit,433.06
796,2025-07-20 18:56:48+00:00,340,Deposit,808.0
797,2025-08-25 10:50:06+00:00,797,Deposit,800.12
798,2025-06-23 14:09:28+00:00,662,Withdraw,833.36
799,2025-06-03 08:41:21+00:00,713,Deposit,69.68
800,2025-08-15 13:52:34+00:00,387,Withdraw,989.75
801,2025-04-19 10:59:48+00:00,555,Deposit,379.74
802,2025-08-29 21:26:11+00:00,635,Deposit,570.06
803,2025-06-18 04:46:33+00:00,316,Withdraw,995.7
804,2025-07-20 02:19:31+00:00,267,Deposit,960.19
805,2025-08-29 21:17:24+00:00,641,Withdraw,874.35
806,2025-02-13 17:01:36+00:00,811,Deposit,333.8
807,2025-05-04 09:56:31+00:00,580,Withdraw,543.42
808,2025-08-29 12:12:56+00:00,947,Withdraw,289.82
809,2025-08-24 21:35:31+00:00,680,Deposit,340.42
810,2025-08-15 11:21:48+00:00,283,Withdraw,76.44
811,2025-03-09 20:20:32+00:00,464,Deposit,84.8
812,2025-05-22 18:08:41+00:00,366,Deposit,101.22
813,2025-08-05 14:22:25+00:00,220,Withdraw,562.71
814,2025-05-31 04:43:22+00:00,206,Withdraw,121.21
815,2025-07-18 11:17:31+00:00,871,Deposit,166.64
816,2025-07-28 10:48:51+00:00,58,Deposit,518.37
817,2025-06-30 00:08:44+00:00,916,Deposit,852.97
818,2025-07-25 17:09:09+00:00,126,Deposit,578.19
819,2025-08-31 03:18:14+00:00,902,Deposit,473.76
820,2025-07-31 15:30:13+00:00,234,Deposit,653.67
821,2025-08-24 08:57:05+00:00,72,Deposit,198.98
822,2025-09-13 20:34:53+00:00,690,Deposit,82.35
823,2025-05-19 11:36:43+00:00,603,Deposit,687.11
824,2025-01-14 19:58:40+00:00,546,Deposit,819.58
825,2025-07-27 07:20:07+00:00,405,Withdraw,471.06
826,2024-12-10 13:48:19+00:00,982,Deposit,890.46
827,2025-09-07 09:48:40+00:00,189,Withdraw,994.41
828,2025-01-15 06:35:14+00:00,919,Deposit,160.68
829,2025-06-19 23:53:06+00:00,649,Withdraw,337.13
830,2025-08-14 15:37:01+00:00,170,Deposit,189.86
831,2025-08-07 08:15:33+00:00,823,Withdraw,579.47
832,2025-05-07 01:54:14+00:00,948,Deposit,459.51
833,2025-07-27 21:35:43+00:00,335,Withdraw,783.3
834,2025-09-14 09:44:58+00:00,386,Deposit,742.06
835,2025-05-28 14:08:03+00:00,248,Deposit,949.02
836,2025-05-28 04:48:06+00:00,725,Deposit,890.5
837,2025-09-12 23:18:57+00:00,883,Withdraw,407.45
838,2025-06-07 02:55:03+00:00,329,Deposit,300.88
839,2025-09-04 23:11:59+00:00,509,Deposit,627.45
840,2025-03-25 00:34:05+00:00,326,Withdraw,396.05
841,2025-06-27 19:44:11+00:00,76,Withdraw,18.45
842,2025-03-08 05:18:13+00:00,244,Withdraw,329.16
843,2025-08-02 19:06:29+00:00,688,Withdraw,158.99
844,2025-07-07 16:56:14+00:00,339,Deposit,857.02
845,2025-06-10 08:52:28+00:00,981,Deposit,588.53
846,2025-08-19 16:29:51+00:00,426,Deposit,770.1
847,2025-08-21 21:22:21+00:00,820,Deposit,537.04
848,2024-12-04 17:26:57+00:00,112,Withdraw,657.08
849,2025-08-06 14:46:34+00:00,209,Withdraw,208.33
850,2025-04-07 00:31:55+00:00,1000,Withdraw,823.31
851,2025-06-19 09:57:55+00:00,719,Withdraw,926.1
852,2025-04-17 09:30:48+00:00,789,Deposit,894.31
853,2025-07-03 06:34:32+00:00,897,Deposit,717.76
854,2025-04-28 17:58:27+00:00,93,Deposit,581.09
855,2025-09-17 23:43:44+00:00,782,Deposit,196.96
856,2025-09-16 14:48:24+00:00,100,Withdraw,156.8
857,2025-07-18 02:18:39+00:00,803,Withdraw,315.4
858,2025-06-11 19:50:04+00:00,97,Withdraw,109.89
859,2025-09-11 21:56:11+00:00,596,Withdraw,538.09
860,2024-11-24 23:11:05+00:00,439,Deposit,945.05
861,2025-02-11 23:58:42+00:00,763,Deposit,49.06
862,2025-09-10 16:43:24+00:00,475,Withdraw,136.05
863,2025-03-18 07:57:15+00:00,661,Withdraw,355.03
864,2025-08-30 00:28:40+00:00,385,Withdraw,78.57
865,2025-03-23 05:48:24+00:00,744,Deposit,871.85
866,2025-09-04 17:32:09+00:00,959,Deposit,929.18
867,2025-04-04 14:38:28+00:00,211,Withdraw,661.59
868,2025-09-02 06:54:53+00:00,65,Deposit,209.68
869,2025-07-23 21:41:58+00:00,490,Deposit,171.66
870,2025-08-25 04:39:40+00:00,408,Deposit,991.09
871,2025-05-08 16:18:52+00:00,979,Deposit,240.65
872,2025-08-09 03:54:50+00:00,180,Withdraw,920.68
873,2025-09-11 12:20:08+00:00,511,Deposit,774.62
874,2025-08-26 06:27:51+00:00,644,Deposit,37.02
875,2025-06-28 07:26:02+00:00,325,Deposit,878.86
876,2025-04-21 11:46:08+00:00,459,Withdraw,944.94
877,2025-09-16 00:31:13+00:00,47,Deposit,131.88
878,2025-08-30 18:24:33+00:00,701,Withdraw,948.53
879,2025-05-26 08:28:06+00:00,855,Deposit,35.17
880,2025-09-14 15:02:22+00:00,122,Withdraw,868.86
881,2025-02-26 13:07:58+00:00,801,Withdraw,855.65
882,2024-10-23 16:17:06+00:00,439,Withdraw,216.5
883,2025-01-08 10:11:08+00:00,713,Withdraw,58.72
884,2025-08-29 19:41:03+00:00,72,Deposit,444.16
885,2025-07-06 23:19:33+00:00,231,Withdraw,206.65
886,2024-11-08 02:43:55+00:00,799,Deposit,773.27
887,2024-10-13 02:20:27+00:00,444,Withdraw,594.32
888,2025-07-04 03:57:46+00:00,578,Withdraw,133.4
889,2025-09-09 11:39:27+00:00,760,Deposit,969.55
890,2025-09-04 01:55:51+00:00,328,Deposit,511.64
891,2025-01-10 00:40:26+00:00,413,Withdraw,582.52
892,2025-03-08 06:18:55+00:00,786,Deposit,521.33
893,2024-11-28 16:44:38+00:00,100,Withdraw,171.25
894,2025-04-18 23:39:55+00:00,28,Withdraw,217.54
895,2025-08-14 15:29:43+00:00,710,Deposit,941.29
896,2025-02-24 02:50:49+00:00,783,Deposit,743.24
897,2025-09-16 07:04:15+00:00,91,Deposit,364.81
898,2025-09-17 13:19:32+00:00,908,Deposit,995.4
899,2025-07-14 13:51:29+00:00,38,Deposit,420.98
900,2025-02-03 04:47:38+00:00,263,Deposit,218.22
901,2025-08-03 15:18:48+00:00,732,Withdraw,99.88
902,2025-08-11 02:57:58+00:00,991,Withdraw,511.84
903,2025-02-25 03:56:02+00:00,143,Deposit,483.2
904,2025-09-11 10:02:19+00:00,235,Deposit,513.65
905,2025-08-23 15:47:48+00:00,986,Withdraw,945.45
906,2025-08-11 02:01:40+00:00,767,Deposit,25.98
907,2025-06-07 01:28:14+00:00,647,Deposit,386.23
908,2025-07-03 15:14:55+00:00,163,Deposit,425.81
909,2025-07-21 14:04:12+00:00,360,Deposit,961.95
910,2025-09-11 18:14:38+00:00,59,Withdraw,109.07
911,2025-07-03 08:15:32+00:00,376,Deposit,366.79
912,2025-01-09 18:21:29+00:00,546,Withdraw,316.88
913,2025-07-29 15:34:10+00:00,778,Withdraw,74.65
914,2025-08-17 21:21:28+00:00,435,Withdraw,946.48
915,2025-06-08 14:16:55+00:00,703,Deposit,655.48
916,2025-06-15 20:59:23+00:00,551,Deposit,237.07
917,2025-03-30 07:07:59+00:00,423,Deposit,704.2
918,2025-06-19 09:54:47+00:00,939,Deposit,653.93
919,2025-06-21 04:34:21+00:00,234,Deposit,812.07
920,2025-08-25 09:42:28+00:00,352,Withdraw,877.18
921,2025-06-22 17:51:52+00:00,666,Withdraw,25.69
922,2025-04-16 11:59:45+00:00,642,Withdraw,964.59
923,2025-07-26 21:34:44+00:00,590,Deposit,732.33
924,2025-07-26 09:04:24+00:00,872,Deposit,898.36
925,2025-05-03 16:11:32+00:00,366,Withdraw,54.92
926,2025-09-11 13:55:41+00:00,558,Withdraw,848.94
927,2025-01-05 15:47:26+00:00,362,Deposit,185.58
928,2025-03-26 17:05:58+00:00,292,Deposit,19.18
929,2025-04-11 03:57:09+00:00,243,Deposit,523.44
930,2025-06-09 07:12:02+00:00,482,Deposit,148.82
931,2025-02-04 02:47:39+00:00,598,Withdraw,475.11
932,2025-09-05 15:06:28+00:00,161,Deposit,48.6
933,2025-08-28 22:32:58+00:00,23,Deposit,600.24
934,2025-09-13 03:20:05+00:00,752,Withdraw,217.73
935,2025-08-22 01:51:28+00:00,456,Withdraw,742.45
936,2024-12-16 12:35:03+00:00,826,Withdraw,300.15
937,2025-09-09 07:02:04+00:00,30,Deposit,621.38
938,2025-08-12 18:07:42+00:00,406,Deposit,825.02
939,2025-06-03 07:28:29+00:00,682,Withdraw,425.05
940,2025-09-15 19:35:36+00:00,440,Deposit,182.89
941,2025-04-10 14:55:58+00:00,907,Deposit,523.41
942,2025-05-02 15:52:51+00:00,252,Withdraw,159.87
943,2025-06-09 15:40:49+00:00,968,Deposit,811.32
944,2025-07-23 08:58:40+00:00,250,Deposit,671.98
945,2025-08-04 09:38:44+00:00,744,Withdraw,371.42
946,2025-09-17 00:06:10+00:00,179,Withdraw,925.7
947,2025-08-16 19:52:19+00:00,332,Deposit,788.69
948,2025-08-15 08:17:23+00:00,544,Withdraw,39.68
949,2024-12-10 03:48:03+00:00,768,Withdraw,212.04
950,2025-02-19 13:09:13+00:00,7,Deposit,409.62
951,2025-01-15 19:41:30+00:00,755,Withdraw,379.45
952,2025-07-19 12:10:23+00:00,657,Deposit,843.01
953,2025-03-15 06:23:47+00:00,286,Deposit,625.69
954,2025-08-30 19:06:59+00:00,471,Deposit,38.19
955,2025-09-16 20:53:12+00:00,453,Deposit,35.57
956,2025-09-09 06:49:28+00:00,163,Deposit,38.21
957,2025-06-08 17:06:02+00:00,220,Deposit,475.8
958,2025-08-22 07:55:33+00:00,296,Deposit,737.6
959,2025-08-01 03:54:32+00:00,801,Deposit,152.9
960,2025-04-11 08:37:14+00:00,42,Withdraw,413.58
961,2025-08-03 18:23:32+00:00,26,Deposit,544.08
962,2025-05-06 14:39:43+00:00,392,Withdraw,764.88
963,2025-04-22 11:48:25+00:00,455,Withdraw,725.3
964,2025-07-07 19:14:43+00:00,279,Withdraw,178.04
965,2025-06-23 00:50:45+00:00,140,Deposit,109.11
966,2025-07-11 22:23:29+00:00,529,Deposit,355.18
967,2025-09-01 04:59:22+00:00,88,Deposit,230.47
968,2025-07-29 17:12:21+00:00,893,Withdraw,425.68
969,2025-08-09 21:43:54+00:00,671,Withdraw,75.66
970,2025-08-19 05:31:23+00:00,701,Withdraw,969.04
971,2025-06-10 03:56:17+00:00,482,Deposit,469.79
972,2025-02-24 01:21:12+00:00,492,Withdraw,420.93
973,2025-09-04 07:26:14+00:00,414,Withdraw,899.16
974,2025-04-28 11:14:26+00:00,718,Deposit,446.01
975,2025-06-20 15:19:58+00:00,973,Deposit,858.35
976,2025-06-19 21:51:12+00:00,988,Withdraw,811.33
977,2025-08-01 17:22:00+00:00,687,Deposit,10.71
978,2025-03-28 04:19:02+00:00,847,Withdraw,481.48
979,2025-09-11 13:41:49+00:00,702,Deposit,900.55
980,2024-11-14 11:49:21+00:00,392,Deposit,264.29
981,2025-08-11 08:23:08+00:00,701,Deposit,329.65
982,2025-09-05 17:06:15+00:00,499,Withdraw,544.59
983,2025-08-27 13:10:10+00:00,745,Deposit,957.34
984,2025-09-09 15:53:08+00:00,509,Deposit,671.75
985,2025-09-18 01:55:55+00:00,990,Withdraw,105.43
986,2025-07-04 20:58:00+00:00,547,Deposit,497.87
987,2025-05-12 05:47:27+00:00,187,Withdraw,832.78
988,2025-09-09 15:12:40+00:00,638,Deposit,575.53
989,2025-09-02 17:11:40+00:00,834,Withdraw,134.57
990,2025-07-18 05:10:32+00:00,332,Deposit,519.59
991,2025-06-23 08:21:33+00:00,370,Deposit,807.39
992,2025-05-20 06:29:47+00:00,489,Withdraw,151.17
993,2025-06-11 19:32:31+00:00,259,Deposit,662.62
994,2025-08-12 14:23:42+00:00,520,Deposit,745.75
995,2025-08-27 11:35:27+00:00,545,Withdraw,720.1
996,2025-05-24 09:56:31+00:00,516,Deposit,289.48
997,2025-08-02 23:42:56+00:00,938,Deposit,618.86
998,2025-09-17 09:53:27+00:00,928,Deposit,257.28
999,2025-08-24 12:08:11+00:00,461,Withdraw,258.16
1000,2025-05-12 00:28:48+00:00,803,Withdraw,732.73
1001,2025-08-31 17:00:30+00:00,176,Deposit,308.1
1002,2025-09-13 18:27:37+00:00,714,Deposit,713.36
1003,2025-07-25 19:08:40+00:00,287,Withdraw,467.53
1004,2025-07-06 21:14:44+00:00,986,Withdraw,594.88
1005,2025-08-29 19:45:38+00:00,681,Withdraw,521.74
1006,2025-05-18 06:55:15+00:00,237,Deposit,987.77
